wav,text,duration,speaker,language,Vulnerable_vs._Emotionally_Detached_best,High-Pitched_vs._Low-Pitched_best,Pain_best,Astonishment_Surprise_best,Confusion_best,Triumph_best,Sexual_Lust_best,Contemplation_best,Impatience_and_Irritability_best,Helplessness_best,Sourness_best,Arousal_best,Confident_vs._Hesitant_best,Soft_vs._Harsh_best,Warm_vs._Cold_best,Interest_best,Fear_best,Background_Noise_best,Elation_best,Infatuation_best,Embarrassment_best,Disappointment_best,Disgust_best,Jealousy_&_Envy_best,Contentment_best,Relief_best,Recording_Quality_best,Amusement_best,Pride_best,Age_best,Emotional_Numbness_best,Submissive_vs._Dominant_best,Awe_best,Hope_Enthusiasm_Optimism_best,Teasing_best,Bitterness_best,Longing_best,Pleasure_Ecstasy_best,Contempt_best,Thankfulness_Gratitude_best,Valence_best,Intoxication_Altered_States_of_Consciousness_best,Shame_best,Sadness_best,Serious_vs._Humorous_best,Doubt_best,Affection_best,Gender_best,Authenticity_best,Distress_best,Fatigue_Exhaustion_best,Monotone_vs._Expressive_best,Anger_best,Concentration_best,Malevolence_Malice_best
./data/emilia_xyz/worker_3_EN_B00000_S00133_W000002.wav," I'm glad you, I'm glad you, I'm glad you're talking about that. So now I'm going to put you back on your island, yeah? Yeah. Sorry. So you've, you've got like Hack the Box, Try Hack Me, VolnHub. I don't know if there are any others that you like, but you know, can you mention if there are any others that you like and then give me the one that gets you off the island. So which is your, which is your favorite if you're starting out and which is like your favorite if you like more advanced in your career?",21.685,EN_B00000_S00133,en,0.859375,1.2890625,1.109375,0.0018310546875,-0.002899169921875,1.2890625,0.2333984375,0.62109375,-0.01251220703125,0.006439208984375,-0.00347900390625,1.578125,1.3515625,0.55078125,0.15234375,0.5859375,0.0098876953125,1.2109375,0.2197265625,-0.020751953125,-0.03369140625,3.337860107421875e-05,0.00750732421875,0.06201171875,0.83984375,0.625,1.90625,-0.000621795654296875,1.5234375,0.68359375,1.8515625,-0.09130859375,-7.68899917602539e-06,-0.0005035400390625,2.288818359375e-05,0.0191650390625,1.3828125,1.25,-0.003875732421875,2.453125,-0.004852294921875,-0.06201171875,0.0087890625,1.0703125,0.79296875,0.00445556640625,1.078125,-0.08056640625,2.265625,0.5546875,0.2314453125,1.8671875,0.000667572021484375,6.020069122314453e-06,0.0595703125
./data/emilia_xyz/worker_3_EN_B00000_S00163_W000012.wav," That's faster than anyone can do. Woo! Yea, you stopped celebrating over there. You didn't do Jack Dick. Alright. Now the long jump. Oh god, why? I'm not gonna be able to do that. I don't even know how to jump. Okay, here we go. Hyeh. Geh. Okay. Hyeh. Geh. Deh. Oh, Jesus.",22.564,EN_B00000_S00163,en,1.2265625,1.8828125,-0.006439208984375,1.171875,0.9296875,1.1484375,0.0927734375,0.02490234375,0.9296875,-0.0037384033203125,0.91015625,2.15625,0.828125,0.52734375,0.87890625,1.921875,-0.000797271728515625,0.88671875,0.90625,-0.02197265625,0.78125,1.375,0.458984375,0.08056640625,0.7734375,0.2177734375,2.125,1.703125,0.00188446044921875,2.984375,-0.000446319580078125,0.76171875,-2.3543834686279297e-06,1.140625,1.78125,0.014892578125,-0.005645751953125,0.8984375,0.6796875,0.166015625,0.99609375,0.7421875,0.030517578125,-1.1563301086425781e-05,2.125,0.98828125,0.00726318359375,-0.75,2.796875,2.0742416381835938e-05,0.064453125,2.5,-0.0022430419921875,6.020069122314453e-06,0.08251953125
./data/emilia_xyz/worker_3_EN_B00000_S00483_W000065.wav," And now in Hashcat, when I type show, there is no output. I've got to run it again. And actually just before I do that, what I think I'll do just to show you the option, because a lot of people ask this option, let's set the increment from 10 to let's say,",20.188,EN_B00000_S00483,en,0.91796875,1.421875,0.93359375,0.0029754638671875,-0.0037841796875,0.8671875,0.23046875,0.07470703125,-0.00457763671875,0.0045166015625,-0.007476806640625,1.828125,1.3359375,0.56640625,0.048095703125,0.52734375,0.01806640625,1.1328125,0.1875,-0.0233154296875,-0.0419921875,2.7298927307128906e-05,0.006866455078125,0.08740234375,0.8515625,0.34765625,1.7890625,-0.00061798095703125,1.2578125,0.66796875,1.640625,-0.169921875,-1.1265277862548828e-05,0.0040283203125,2.276897430419922e-05,0.01556396484375,0.69921875,1.28125,-0.0038909912109375,1.90625,-0.015380859375,0.0291748046875,0.0091552734375,0.6171875,0.359375,0.00494384765625,1.0703125,-0.0062255859375,2.015625,0.4765625,0.365234375,1.875,0.0019989013671875,6.020069122314453e-06,0.390625
./data/emilia_xyz/worker_3_EN_B00000_S00013_W000015.wav," And so that's going to be the next big debate because it has a six year time period. And every time that it is about to sunset last time in 2017, towards the end of the year, you're going to see all sorts of scare stories in the media about how, if we let this program go away, people are going to die. There's going to be terrorist attacks and all sorts of stuff. And yet there has, you know, for whatever.",21.084,EN_B00000_S00013,en,0.94140625,1.3515625,0.80078125,0.0030364990234375,-0.003265380859375,1.2265625,0.34375,0.29296875,-0.01348876953125,0.001556396484375,-0.00579833984375,1.78125,1.1875,0.55078125,0.169921875,0.8828125,0.01025390625,1.15625,1.015625,0.09423828125,-0.046875,2.7894973754882812e-05,0.0078125,0.07666015625,0.8671875,0.376953125,1.9375,-0.0006256103515625,1.6015625,0.82421875,1.9140625,-0.08935546875,0.2255859375,0.337890625,0.08642578125,0.015869140625,0.96875,1.5,-0.00390625,1.984375,-0.0693359375,0.06689453125,0.00823974609375,0.83203125,0.6171875,0.004852294921875,1.2421875,-0.0400390625,2.0625,0.054443359375,0.048583984375,1.890625,-8.106231689453125e-05,6.020069122314453e-06,0.125
./data/emilia_xyz/worker_3_EN_B00000_S00433_W000017.wav," I think that, for you, and I'll think about it for myself, but what do you not want to do anymore? Like I think that's a powerful way of looking at, uh, identifying it's probably, you could then look into those things and say, okay, what is it within that that isn't serving you? What's the list?",22.364,EN_B00000_S00433,en,1.71875,1.7265625,0.0021514892578125,0.005279541015625,0.80078125,-0.0146484375,0.01043701171875,1.9140625,0.75390625,0.023193359375,0.10888671875,1.5,1.6875,0.26953125,0.08203125,2.546875,-0.0238037109375,0.7890625,0.0123291015625,-0.0264892578125,0.037841796875,0.490234375,0.005584716796875,0.057861328125,0.6875,0.031494140625,2.578125,-0.0006866455078125,0.052734375,2.796875,0.1806640625,0.4609375,-8.225440979003906e-06,0.06005859375,0.494140625,0.376953125,-0.00152587890625,-0.00244140625,0.341796875,0.04296875,0.004638671875,-0.07763671875,0.07373046875,-2.9653310775756836e-06,0.9765625,0.80859375,0.57421875,-0.51953125,2.546875,2.0742416381835938e-05,0.0252685546875,2.109375,0.419921875,1.921875,0.048828125
./data/emilia_xyz/worker_3_EN_B00000_S00013_W000024.wav," It's not a question of balancing, right? Encryption is part of protecting people and making them safe. The idea that law enforcement is having all sorts of difficulty because of encryption still is not proven. They just keep saying that and yet, as you've said, they have more access to more information than ever before. The ability to go forward and back in time, as we were discussing earlier, the ability to get all sorts of access to information that was impossible before, the ability to solve all sorts of crimes that were impossible before is there now.",27.548,EN_B00000_S00013,en,2.046875,2.21875,-0.007415771484375,0.00482177734375,0.68359375,-0.00933837890625,0.01043701171875,1.0546875,1.8515625,-0.004180908203125,0.002716064453125,2.171875,1.2265625,0.36328125,-0.003570556640625,2.6875,0.016845703125,0.7734375,0.0294189453125,-0.0162353515625,-0.00823974609375,2.1457672119140625e-05,0.016845703125,0.07763671875,0.71875,0.026123046875,3.015625,-0.00070953369140625,0.5390625,3.5625,0.0033416748046875,0.89453125,-6.16908073425293e-06,1.2265625,2.193450927734375e-05,0.01116943359375,-0.01348876953125,-0.005126953125,0.6796875,0.044677734375,0.24609375,-0.021728515625,0.004791259765625,-1.6987323760986328e-06,1.1640625,0.7421875,0.00732421875,-1.1875,3.03125,2.0742416381835938e-05,-0.019287109375,2.359375,0.3984375,2.609375,0.298828125
./data/emilia_xyz/worker_3_EN_B00000_S01373_W000014.wav," You can apply charms to them, which in turn brings a little more customization to each one. From the shop, you can also recruit new soldiers and the names of your soldiers can be changed. It's one game where having personalized names for troops is genuinely useful. When you're confident that you're ready for battle, you'll move to an area that's shown in red and then you'll get down to the all important task of assigning your battle parties. Now you can create five bespoke parties, which you can easily switch between. It's important because certain battles will require ranged.",27.516,EN_B00000_S01373,en,0.93359375,1.34375,0.796875,0.003173828125,-0.0023193359375,0.98828125,0.263671875,0.224609375,-0.009033203125,0.00110626220703125,-0.00885009765625,1.6875,1.3359375,0.478515625,0.04638671875,0.59375,0.01068115234375,1.09375,0.01226806640625,-0.024658203125,-0.047119140625,3.147125244140625e-05,0.0067138671875,0.078125,0.79296875,0.07763671875,1.8515625,-0.000640869140625,1.4453125,0.59765625,1.84375,-0.140625,-8.761882781982422e-06,-0.0004863739013671875,0.0078125,0.01611328125,0.88671875,1.28125,-0.0038909912109375,2.09375,-0.0074462890625,0.0283203125,0.009765625,0.72265625,0.56640625,0.005157470703125,1.1015625,-0.0062255859375,2.046875,0.5234375,0.057373046875,1.8359375,0.0020751953125,6.020069122314453e-06,0.3671875
./data/emilia_xyz/worker_3_EN_B00000_S01293_W000171.wav," Yeah. So yeah, sorry. Come back to it. Yeah. Richard Branson was the lost leader that helped. And then the second thing was app store optimization, which I think you're alluding to. I worked out how to rank on all of the top key terms for any top business magazines like Forbes, fast company, entrepreneur. And then the last thing was like, I was consistent.",21.204,EN_B00000_S01293,en,1.875,2.203125,-0.00457763671875,0.004730224609375,0.033935546875,0.150390625,-0.044189453125,0.83203125,-0.009765625,-0.00445556640625,-0.01019287109375,2.234375,1.15625,0.7421875,1.03125,2.8125,-0.006378173828125,0.474609375,1.03125,-0.0242919921875,0.0308837890625,2.968311309814453e-05,0.00860595703125,0.09814453125,0.7734375,0.62109375,2.875,-0.00063323974609375,1.0390625,3.234375,0.00060272216796875,0.4140625,-1.0788440704345703e-05,1.5390625,2.396106719970703e-05,0.01214599609375,-0.00933837890625,-0.005126953125,-0.0004024505615234375,0.052001953125,1.15625,-0.064453125,0.0152587890625,1.4379620552062988e-06,0.97265625,0.007171630859375,0.0072021484375,-0.0223388671875,2.9375,2.0742416381835938e-05,0.004608154296875,2.625,0.00019931793212890625,1.8515625,0.06982421875
./data/emilia_xyz/worker_3_EN_B00000_S00143_W000036.wav," David Blaine. Well, I was, I was quoted, uh, the other day in saying, um, you know, what goes between your asshole and your couch or whatever. I stand by that quote. Like we're, we're putting our assholes very close to seats. And so I feel like we don't actually clean our seats enough. How often, when was the last time you cleaned your seat?",21.325,EN_B00000_S00143,en,0.8359375,1.3125,1.015625,0.0024566650390625,-0.0027923583984375,1.296875,0.3203125,0.455078125,-0.00518798828125,0.012451171875,-0.00921630859375,1.6171875,1.3671875,0.4453125,0.08935546875,0.30859375,0.0113525390625,1.15625,0.0123291015625,0.030517578125,-0.043212890625,3.552436828613281e-05,0.007232666015625,0.0712890625,0.78125,0.12109375,1.875,-0.00063323974609375,1.5703125,0.734375,1.90625,-0.107421875,-9.5367431640625e-06,-0.0006103515625,2.205371856689453e-05,0.01806640625,1.1640625,1.203125,-0.003814697265625,2.3125,0.0013885498046875,-0.053955078125,0.010009765625,1.1015625,0.6328125,0.00469970703125,1.21875,-0.09619140625,2.203125,0.7265625,0.369140625,1.8515625,0.00189971923828125,6.020069122314453e-06,0.203125
./data/emilia_xyz/worker_3_EN_B00000_S00983_W000042.wav," And the two guys were just, you know, friendly. And then all of a sudden I, I pulled my mask down, gronk move, to quickly get my, um, to FaceTime, to get my, um, uh, to pay, you know, open it up with my Face ID. And then they both were like, one of the, the barista was like, oh Tommy, get home mate.",20.526,EN_B00000_S00983,en,0.953125,1.7578125,0.004486083984375,0.76953125,1.0078125,1.1484375,0.1298828125,0.431640625,0.64453125,-0.0037384033203125,-0.006744384765625,1.96875,1.1796875,0.625,0.83984375,2.21875,0.07958984375,0.82421875,1.140625,-0.0244140625,0.8203125,0.58203125,0.09619140625,0.1025390625,0.9375,1.1171875,2.234375,1.6484375,0.86328125,2.609375,-5.507469177246094e-05,0.447265625,-1.2755393981933594e-05,1.0625,0.1552734375,0.0220947265625,0.0927734375,0.9453125,-0.003173828125,1.6171875,0.8203125,0.2119140625,0.68359375,-5.632638931274414e-06,1.328125,0.01287841796875,0.007354736328125,-0.86328125,2.953125,2.0742416381835938e-05,0.03662109375,2.3125,0.166015625,0.66796875,0.0693359375
./data/emilia_xyz/worker_3_EN_B00000_S00023_W000137.wav," This, this big wodge of qualities and originally I was thinking about how I could break them down and to match them up into the quality into the categories, but that that was a futile practice that that did not really get me anywhere. But we do see some of Aristotle's categories showing up here. We see, um, we see.",20.828,EN_B00000_S00023,en,0.91015625,1.3359375,0.69140625,0.00408935546875,-0.00201416015625,1.2421875,0.408203125,0.326171875,-0.02099609375,-0.0029144287109375,-0.00537109375,1.6171875,1.1640625,0.56640625,0.154296875,0.8828125,0.01068115234375,1.1953125,1.0625,0.1689453125,-0.0576171875,2.8967857360839844e-05,0.00732421875,0.07568359375,0.92578125,0.384765625,1.8125,-0.000640869140625,1.4609375,0.70703125,1.921875,-0.07666015625,-5.751848220825195e-06,0.0517578125,0.111328125,0.0125732421875,1.234375,1.5,-0.003936767578125,2.25,-0.10791015625,0.0771484375,0.009765625,0.8359375,0.5859375,0.005218505859375,1.21875,-0.15625,1.984375,2.0742416381835938e-05,0.031982421875,1.8828125,-0.000263214111328125,6.020069122314453e-06,0.60546875
./data/emilia_xyz/worker_3_EN_B00000_S00703_W000003.wav," In hindsight, seems obvious that was going to end in tears, but look, anyway, I'm, I'm talking about Arby's, the famous sandwich chain. That is right, guys. We are teaming up with Arby's, and I gotta tell you, I'm pretty excited about this deal. Alright, Arby's, Arby's has it all. Roast beef, curly fries, uh, well, everything except, uh, jetpacks, but, you know, they might have some time down the track now that",28.37,EN_B00000_S00703,en,1.4140625,2.078125,-0.00115203857421875,0.55078125,0.625,0.27734375,0.010009765625,0.8359375,0.337890625,-0.004241943359375,0.1826171875,2.671875,1.3125,0.07373046875,0.404296875,2.609375,-0.023193359375,0.73828125,1.3203125,-0.01019287109375,0.11962890625,0.8046875,0.0028076171875,0.0888671875,0.796875,0.025634765625,2.3125,0.82421875,1.234375,3.078125,-0.002044677734375,0.6640625,-3.5017728805541992e-06,1.765625,0.53125,0.87109375,-0.0113525390625,0.55078125,0.140625,0.0654296875,1.1953125,0.76953125,0.0174560546875,-6.467103958129883e-06,1.1484375,0.26953125,0.0072021484375,-1.140625,2.65625,2.0742416381835938e-05,0.0225830078125,2.296875,0.81640625,1.4765625,0.60546875
./data/emilia_xyz/worker_3_EN_B00000_S01243_W000048.wav," But then that becomes its own version of lacking awareness because it doesn't stop. Self-awareness never stops. It's aware of the aware and then you're sitting back from it. Like, and so deep meditation practice takes you those layers back where it's, yeah. I mean, it goes very fucking. So is that virtue?",22.957,EN_B00000_S01243,en,1.859375,1.9296875,-0.0031890869140625,0.0057373046875,1.203125,-0.0130615234375,0.10009765625,2.09375,0.328125,-0.0035247802734375,-0.01080322265625,1.546875,1.0546875,0.330078125,0.01470947265625,2.65625,-0.0277099609375,0.25,0.0125732421875,-0.04833984375,0.00061798095703125,0.62109375,0.00628662109375,0.1005859375,0.59765625,0.050537109375,2.5625,-0.00067901611328125,0.0086669921875,3.09375,-0.001190185546875,0.478515625,-1.0728836059570312e-05,0.06982421875,2.5153160095214844e-05,0.1298828125,0.26171875,-0.00189971923828125,-0.0004024505615234375,0.04150390625,0.00494384765625,-0.005035400390625,0.0167236328125,-2.384185791015625e-06,1.0859375,0.97265625,0.00732421875,-0.87890625,2.84375,2.0742416381835938e-05,0.010986328125,1.984375,-0.00872802734375,2.09375,0.0303955078125
./data/emilia_xyz/worker_3_EN_B00000_S01373_W000019.wav, Square have spoken about the changes they've made to the overall AI of the game,20.844,EN_B00000_S01373,en,0.82421875,1.359375,1.28125,0.0019073486328125,-0.0019683837890625,1.3515625,0.251953125,0.6484375,-0.02197265625,0.006500244140625,-0.00135040283203125,1.6484375,1.3671875,0.58203125,0.14453125,0.70703125,0.01611328125,1.1796875,0.359375,-0.0303955078125,-0.04150390625,0.0264892578125,0.00811767578125,0.046875,0.88671875,0.1591796875,2.046875,-0.000652313232421875,1.7734375,1.09375,1.875,-0.08642578125,-0.000873565673828125,0.0040283203125,2.2292137145996094e-05,0.019775390625,1.5703125,1.390625,-0.003875732421875,2.40625,-0.04833984375,-0.055908203125,0.00823974609375,1.2734375,0.64453125,0.004241943359375,1.28125,-0.007598876953125,2.34375,0.55078125,0.08447265625,1.984375,-0.000705718994140625,6.020069122314453e-06,0.06396484375
./data/emilia_xyz/worker_3_EN_B00000_S01073_W000060.wav," The funny one in my groups and that, like I'm being quite serious now, I'm sorry, but you know, like I'm, I'm, I'm, I'm kind of the, like, I'm like the funny one and was making people laugh and all that sort of thing. And it's, it's really interesting because it's like, when it comes to my material about being black, like it's really thought through and it's really considered whereas.",24.771,EN_B00000_S01073,en,0.86328125,1.34375,1.2109375,0.0024261474609375,-0.0022125244140625,0.036376953125,0.298828125,0.279296875,-0.00177001953125,0.1298828125,-0.002410888671875,1.8359375,1.140625,0.48046875,0.10498046875,0.052734375,0.0052490234375,0.86328125,0.012451171875,-0.03076171875,-0.044921875,0.98046875,0.0074462890625,0.08837890625,0.7421875,0.03369140625,2.109375,-0.00066375732421875,0.197265625,1.796875,0.90625,-0.027587890625,-9.715557098388672e-06,-0.0005950927734375,2.47955322265625e-05,0.022705078125,0.64453125,0.421875,-0.0010528564453125,1.828125,0.004791259765625,-0.0439453125,0.013916015625,1.3359375,0.67578125,0.0047607421875,0.004119873046875,-0.1904296875,2.390625,1.1875,0.94921875,1.6796875,0.484375,6.020069122314453e-06,0.11279296875
./data/emilia_xyz/worker_3_EN_B00000_S01283_W000029.wav," And so, but you see why people don't start. You see why people that already have created something of their own have such an aversion to putting something out into the world because you know that you're just going to get feedback from trolls. And so it's, what's easier is to just do nothing and doing nothing doesn't necessarily",21.052,EN_B00000_S01283,en,0.91015625,1.296875,0.6015625,0.0038604736328125,-0.0032196044921875,0.9609375,0.2421875,0.578125,-0.008056640625,0.0004730224609375,-0.01336669921875,1.6015625,1.296875,0.5234375,0.10595703125,0.78125,0.005645751953125,1.0703125,0.0224609375,-0.003814697265625,-0.045654296875,2.9206275939941406e-05,0.006103515625,0.0830078125,0.80078125,0.06884765625,1.7578125,-0.00061798095703125,1.3828125,0.65234375,1.65625,-0.126953125,-8.463859558105469e-06,-0.00049591064453125,0.08544921875,0.0167236328125,0.78515625,1.1875,-0.0037994384765625,1.9453125,-0.01214599609375,-0.0034027099609375,0.011962890625,0.58984375,0.65234375,0.00543212890625,1.1796875,-0.0062255859375,2.0,0.3203125,0.043212890625,1.8359375,0.0020751953125,6.020069122314453e-06,0.1689453125
./data/emilia_xyz/worker_3_EN_B00000_S00563_W000020.wav," No, no, no, he had a bad car accident. He lives in the States. He's a little dude and, um, no, I'll get there. I'll find it. Anyway, he was this guy's personal assistant. So he lived over in the States and he was his personal assistant and this guy loved.",21.884,EN_B00000_S00563,en,0.87109375,1.3515625,0.55859375,0.003387451171875,0.0037689208984375,0.431640625,0.279296875,0.1728515625,-0.00128936767578125,0.006591796875,-0.007080078125,1.78125,1.2734375,0.5625,0.0732421875,0.8515625,0.00640869140625,1.1015625,0.02392578125,0.1787109375,-0.044677734375,2.9921531677246094e-05,0.0079345703125,0.07177734375,0.78125,0.05419921875,1.84375,-0.00064849853515625,1.1484375,0.66796875,1.609375,-0.134765625,-1.0013580322265625e-05,-0.000514984130859375,2.3365020751953125e-05,0.0164794921875,0.84375,1.1796875,-0.003814697265625,1.90625,-0.08447265625,0.07373046875,0.01409912109375,0.9375,0.478515625,0.005401611328125,1.3125,-0.173828125,2.046875,0.7109375,0.1376953125,1.9140625,0.0098876953125,6.020069122314453e-06,0.25
./data/emilia_xyz/worker_3_EN_B00000_S00023_W000511.wav," Uh, because a surface cannot be black and white at the same time. A fire, like, uh, uh, uh, a fire cannot be hot and cold at the same time. It can undergo change, which involves time, to, to become a different state. But it cannot be two contrary qualities at the same time.",20.068,EN_B00000_S00023,en,1.2109375,1.4453125,-0.0022735595703125,0.00024318695068359375,0.4453125,-0.01177978515625,-0.03759765625,0.040283203125,-0.0096435546875,-0.00445556640625,-0.007354736328125,1.25,2.03125,0.63671875,0.051025390625,1.2578125,0.029541015625,0.7265625,0.51171875,-0.0230712890625,-0.052490234375,1.952052116394043e-06,0.0042724609375,0.04443359375,0.7578125,0.73046875,1.6015625,-0.000701904296875,0.322265625,2.484375,-0.0029449462890625,-0.1611328125,-3.0547380447387695e-06,0.376953125,0.0732421875,0.0027313232421875,-0.0257568359375,0.099609375,-0.0010528564453125,0.07373046875,0.004974365234375,-0.056640625,0.00421142578125,-1.6689300537109375e-06,0.94921875,0.625,0.007293701171875,-0.0062255859375,2.078125,2.0742416381835938e-05,0.02197265625,1.734375,-8.106231689453125e-05,0.7109375,0.056640625
./data/emilia_xyz/worker_3_EN_B00000_S01293_W000103.wav," How's this going? How's this going? How's this going? How's this person performing? Oh, like, you know, and he's just coaching me. Like he, he's giving me CEO and leadership coaching, but then he's also kind of coaching me through problems and how to solve certain things. And, you know, maybe this isn't jiving or like, you know, we've got a problem here or like, you know, where should we allocate, you know, funds or budget here or what do we do to solve that?",21.532,EN_B00000_S01293,en,0.875,1.3046875,1.03125,0.0028839111328125,0.0223388671875,0.86328125,0.2109375,0.478515625,0.016845703125,0.0291748046875,-0.01397705078125,1.96875,1.53125,0.38671875,0.0179443359375,0.08984375,0.1572265625,1.15625,0.0125732421875,-0.0301513671875,-0.0269775390625,3.039836883544922e-05,0.0074462890625,0.08642578125,0.71484375,0.050048828125,1.6953125,-0.000598907470703125,0.8359375,0.62890625,1.828125,-0.1796875,-1.0967254638671875e-05,-0.000713348388671875,2.3126602172851562e-05,0.0198974609375,0.5703125,0.6953125,-0.003814697265625,1.7109375,0.00482177734375,-0.04150390625,0.01336669921875,1.0390625,0.625,0.005340576171875,0.1181640625,-0.0062255859375,2.140625,1.0859375,0.71484375,1.734375,0.0185546875,6.020069122314453e-06,0.054443359375
./data/emilia_xyz/worker_3_EN_B00000_S00123_W000010.wav," And then appear when you play on PC. Now, next up, with all these companies trying to get us to sign up to their services, if you do sign yourself up to their services, especially my rewards, within the Witcher 3 Wild Hunt, you'll receive the Sword of the Nine-Tailed Vixen, White Tiger of the West Armor, the Dol Blathana Armor Set, and a Roach Card. We've also got quite a few quality of life changes on the Switch version. They have finally added the, uh, quick sign casting option. As the name suggests, it means that you can quickly change between signs without having to open up",30.0,EN_B00000_S00123,en,2.1875,2.140625,-0.00341796875,0.005523681640625,-0.00128936767578125,-0.014404296875,-0.00201416015625,0.58203125,-0.00799560546875,-0.004547119140625,0.000888824462890625,1.984375,0.78515625,0.53515625,0.62109375,2.46875,-0.0059814453125,0.79296875,0.6875,-0.01239013671875,0.021728515625,7.539987564086914e-06,0.50390625,0.10498046875,0.88671875,0.03857421875,3.546875,0.00080108642578125,0.04443359375,3.515625,0.0201416015625,0.87109375,-5.692243576049805e-06,2.203125,0.60546875,0.0015716552734375,0.0025177001953125,0.35546875,0.0032806396484375,1.140625,1.1953125,-0.0250244140625,0.00592041015625,1.2442469596862793e-06,1.2421875,0.0034942626953125,0.7421875,-1.2890625,3.0,2.0742416381835938e-05,-0.01318359375,2.375,-0.00177764892578125,2.0625,0.061279296875
./data/emilia_xyz/worker_3_EN_B00000_S00033_W000006.wav," Now, turning fast was a problem that made the cube unstable, but the cube, when I'm not turning that fast, is quite stable, so I thought it could be good for one hand. I got one good solve in competition with this, because I don't really practice one-handed anymore. I may practice again soon one day. So for people faster than me, you may not agree with me on this. I'm just not turning that fast for one hand, which is why this cube is good. So for now, the Wu Wei is my one-handed main.",20.988,EN_B00000_S00033,en,0.875,1.3515625,0.86328125,0.0034027099609375,-0.003204345703125,-0.007232666015625,0.166015625,0.66796875,-0.02685546875,0.22265625,-0.015380859375,1.3671875,1.0625,0.486328125,0.11181640625,1.4609375,-0.0166015625,0.73046875,0.012451171875,0.078125,-0.048828125,0.95703125,0.007049560546875,0.0771484375,0.75390625,0.04541015625,1.921875,-0.00066375732421875,0.0018768310546875,2.421875,0.78515625,-0.01708984375,-7.599592208862305e-06,0.010009765625,0.01318359375,0.021240234375,0.9921875,0.69921875,-0.003509521484375,1.8046875,0.0048828125,0.07958984375,0.017822265625,1.171875,0.65234375,0.00665283203125,1.0234375,-0.44921875,2.1875,0.7734375,0.125,1.625,0.00244140625,0.232421875,0.169921875
./data/emilia_xyz/worker_3_EN_B00000_S00643_W000002.wav," Anything you want, but it's a little more limited than that. You can use what's known as the Ultra Hand to pick up items and then fuse them together. There's an element of those locking together to make this a little easier, and then you can rotate them, flatten them out, and place them back within the world. Now, these are not only used for getting around so you can create vehicles, but you'll also need this as an essential component to many of the dungeons and those shrines that Glen mentioned.",24.898,EN_B00000_S00643,en,0.90625,1.5,1.1484375,0.0025787353515625,-0.0032806396484375,-0.00885009765625,0.1943359375,0.578125,-0.00994873046875,0.0284423828125,-0.014404296875,1.6015625,1.25,0.51953125,0.1220703125,0.25,0.00177001953125,0.74609375,0.01251220703125,-0.028076171875,-0.04541015625,1.0703125,0.006683349609375,0.0810546875,0.73046875,0.0341796875,2.046875,-0.000644683837890625,0.00189971923828125,2.171875,0.9765625,-0.0791015625,-8.225440979003906e-06,-0.00058746337890625,2.3365020751953125e-05,0.0213623046875,0.92578125,0.7265625,-0.003173828125,1.09375,0.004852294921875,-0.029052734375,0.019287109375,1.2421875,0.71484375,0.00628662109375,0.8515625,-0.1435546875,2.375,1.0625,0.408203125,1.734375,0.3984375,6.020069122314453e-06,0.283203125
./data/emilia_xyz/worker_3_EN_B00000_S00703_W000039.wav," Alright, can we maybe make up a little scoreboard or something, guys? Something that says, Barry 1, Dan 0? We can't? Oh, uhm, well, can someone just email Dan for me? Just, just tell him it's, it's 1-0 Barry. He'll know what it means. Uhm,",21.172,EN_B00000_S00703,en,0.9296875,1.3203125,0.8515625,0.0034332275390625,-0.002593994140625,1.125,0.22265625,0.328125,-0.00689697265625,-0.003692626953125,-0.00885009765625,1.609375,1.4453125,0.6015625,0.0966796875,0.5625,0.00909423828125,1.1484375,0.271484375,-0.0286865234375,-0.042236328125,3.0040740966796875e-05,0.006439208984375,0.0693359375,0.84375,0.0517578125,1.796875,-0.00061798095703125,1.4921875,0.68359375,1.859375,-0.1630859375,-8.821487426757812e-06,-0.00054931640625,2.2292137145996094e-05,0.0157470703125,1.015625,1.265625,-0.0038909912109375,2.296875,-0.00982666015625,-0.038818359375,0.00787353515625,0.6484375,0.6171875,0.00457763671875,1.15625,-0.0062255859375,2.15625,0.294921875,0.08837890625,1.90625,0.00064849853515625,6.020069122314453e-06,0.053955078125
./data/emilia_xyz/worker_3_EN_B00000_S00683_W000026.wav," It's listening, it's listening to yourself and the experience, like that's a beauty, beauty of podcasts. Like when we spoke in the early days with Tony, we had a couple of episodes already recorded and we made the decision to release those straight away so that then we could be a week by week show where we're not pre-recording weeks in advance because it's like shit's constantly evolving and there's also that",22.46,EN_B00000_S00683,en,0.75,1.53125,1.078125,0.0029144287109375,-0.001373291015625,0.6171875,0.55859375,0.66796875,-0.02734375,1.140625,-0.0040283203125,1.71875,1.328125,0.6796875,0.0546875,0.486328125,0.01220703125,0.94140625,0.01251220703125,0.283203125,-0.040283203125,1.0390625,0.00732421875,0.055419921875,1.046875,0.05419921875,1.9609375,-0.000732421875,1.7734375,1.6640625,0.921875,-0.1396484375,0.345703125,-0.000598907470703125,2.491474151611328e-05,0.01953125,1.6484375,1.3359375,-0.003936767578125,2.3125,-0.9453125,0.046142578125,0.01092529296875,1.8046875,0.177734375,0.0035552978515625,1.390625,-0.234375,2.375,1.0625,0.44140625,2.15625,-0.00057220458984375,6.020069122314453e-06,0.0986328125
./data/emilia_xyz/worker_3_EN_B00000_S00903_W000020.wav," And you're totally guaranteed to love it and understand all the rules immediately. And if you're not sold, here's a quick fact. Cricket matches, they go for five days and often after those five days, nobody wins. I'm not even making that up. Have a look at it. It's great. Anyway, after that, we gather around and we make gravy.",20.051,EN_B00000_S00903,en,1.5,2.28125,-0.0038604736328125,0.0018157958984375,-0.005401611328125,0.494140625,-0.004669189453125,0.03759765625,1.78125,-0.003997802734375,1.1953125,2.390625,0.83984375,0.01177978515625,0.10791015625,2.640625,-0.0028839111328125,0.3203125,1.171875,-0.03759765625,0.01416015625,0.009033203125,0.005859375,0.1982421875,0.875,0.033203125,3.28125,0.79296875,0.9921875,3.15625,-0.00081634521484375,0.87890625,-1.1026859283447266e-05,2.078125,0.68359375,0.93359375,-0.01422119140625,0.828125,0.2333984375,0.047607421875,1.4140625,-0.0556640625,0.01495361328125,-7.0035457611083984e-06,1.421875,0.0047607421875,1.0,-1.1796875,3.0625,2.0742416381835938e-05,0.005828857421875,2.828125,1.2109375,1.2578125,0.859375
./data/emilia_xyz/worker_3_EN_B00000_S01273_W000019.wav," And do what James Allen said, and that's what we're gonna talk about here today in this episode, which I'm so excited for. And you guys are gonna get very, very intimate with me in terms of understanding my rules, how I live my life, how I live my life. But James Allen says you must live by rule. James Allen, one of my favorite authors. As a man thinking, mastery of destiny, I'll be reading to you today a portion from his book,",21.948,EN_B00000_S01273,en,1.2734375,2.03125,-0.008056640625,0.005859375,-0.00421142578125,0.6640625,0.05419921875,0.0196533203125,0.0205078125,-0.0047607421875,-0.0157470703125,2.8125,0.87109375,0.62109375,1.09375,2.65625,0.00177001953125,0.77734375,1.625,0.025390625,0.006072998046875,1.2874603271484375e-05,0.00640869140625,0.0673828125,1.0625,0.13671875,2.96875,0.435546875,0.875,2.5625,0.00180816650390625,0.93359375,0.1279296875,2.984375,2.491474151611328e-05,0.0140380859375,0.283203125,0.94140625,-0.0020751953125,1.4296875,1.953125,-0.05810546875,0.0169677734375,2.6673078536987305e-06,1.3984375,0.00445556640625,0.91796875,-1.21875,3.1875,2.0742416381835938e-05,-0.004852294921875,2.953125,0.00543212890625,1.5078125,0.35546875
./data/emilia_xyz/worker_3_EN_B00000_S00913_W000022.wav," Is there a dead body around here? Is there flies hanging around a corpse that I should be worried about? Am I gonna be implicated for bear murder? I mean, I swear, I didn't know Leo was just trying to film a movie in my woods! I was just trying to help! I was giving him a big encouragement hug about those Oscars! Heh. Heh. Okay. Alright, I think I spotted another grub over here. Oh no, that's a marking, I don't know if I can smell that one.",26.061,EN_B00000_S00913,en,1.1640625,2.09375,-0.00433349609375,1.8203125,1.4375,0.55078125,0.07373046875,0.03369140625,1.3671875,0.40625,1.390625,2.8125,1.140625,0.03857421875,0.052978515625,2.5625,2.046875,0.88671875,1.1015625,-0.01324462890625,1.140625,0.27734375,0.66796875,0.2734375,4.935264587402344e-05,0.0208740234375,2.0625,1.984375,0.1962890625,3.265625,0.00173187255859375,0.91015625,-5.781650543212891e-06,-0.0001544952392578125,1.546875,0.423828125,0.0004444122314453125,0.80078125,0.83984375,0.359375,-1.375,1.140625,0.9453125,-1.609325408935547e-05,1.6640625,0.95703125,0.00726318359375,-1.2421875,3.015625,1.1640625,0.0157470703125,2.328125,1.046875,0.146484375,0.96484375
./data/emilia_xyz/worker_3_EN_B00000_S00553_W000031.wav," Open that and what it does have is a USB-C to USB-A connector. I just have to do this because of YouTube rules. Alpha sent me this adapter. I didn't get paid to use the adapter. I've bought many, many of the adapters myself, but they have given me this adapter. I need to clarify that for the video, but I'll plug that in and hopefully",21.436,EN_B00000_S00553,en,2.203125,2.25,0.01092529296875,0.000644683837890625,-0.00518798828125,-0.00946044921875,-0.03662109375,0.65234375,0.314453125,-0.003936767578125,-0.00543212890625,1.5546875,0.98046875,0.12060546875,0.21875,2.46875,-0.0277099609375,0.431640625,0.0137939453125,-0.0159912109375,0.0908203125,0.77734375,0.01904296875,0.060302734375,0.8671875,0.051025390625,2.890625,-0.0006103515625,0.703125,3.125,-0.00054168701171875,0.546875,-1.1026859283447266e-05,1.1171875,2.4199485778808594e-05,0.01025390625,0.0108642578125,-0.001617431640625,-0.0038604736328125,0.042724609375,0.0045166015625,0.0206298828125,0.43359375,1.6167759895324707e-06,0.921875,1.03125,0.007232666015625,-0.859375,3.21875,2.0742416381835938e-05,0.00020599365234375,1.90625,0.341796875,1.859375,0.04638671875
./data/emilia_xyz/worker_3_EN_B00000_S01433_W000010.wav," They'll have shortcuts that you unlock, bridges that you can build using repair kits that you construct back on your farm, and the layout of these is quite intuitive, with a couple of nice ideas. It's unfortunate though that most of the time, when you find yourself really getting into those sections, you'll be forced to return to your home. If you don't, you'll collapse and wake up suffering a large monetary penalty. It really does get quite annoying at times. You might be mere feet from the final boss of an area, only to fall down and have to restart.",30.0,EN_B00000_S01433,en,2.015625,2.0625,-0.00167083740234375,0.003997802734375,-0.0021209716796875,-0.01116943359375,0.125,0.71875,-0.0169677734375,-0.004302978515625,0.1552734375,1.9453125,0.78515625,0.88671875,0.73046875,2.59375,0.0537109375,0.298828125,0.8046875,-0.0279541015625,0.0257568359375,1.0,0.00482177734375,0.255859375,0.9375,0.052978515625,3.5,0.0007476806640625,0.11572265625,3.203125,0.029296875,0.84375,-8.761882781982422e-06,1.625,2.47955322265625e-05,0.0177001953125,0.02490234375,0.0257568359375,-0.0022430419921875,0.0458984375,0.87109375,-0.054931640625,0.00860595703125,0.03759765625,1.2578125,0.006103515625,0.034423828125,-0.80859375,3.234375,2.0742416381835938e-05,-0.046630859375,2.25,0.00836181640625,1.8203125,0.703125
./data/emilia_xyz/worker_3_EN_B00000_S01243_W000010.wav," Fuck, I mean, this is pretty dark, borderline schizophrenic. I could imagine that being a phrase used. So you're, you're struggling severely, but you're not at the stage where it's fallen into psychosis. It could be like, I dunno, that's just a, a non-educated explanation of something.",20.884,EN_B00000_S01243,en,1.5546875,2.03125,0.00762939453125,0.84765625,0.546875,-0.0130615234375,0.09375,1.4375,1.5234375,0.89453125,0.87109375,2.0,1.7265625,0.36328125,0.2021484375,2.546875,0.2314453125,0.90625,0.0123291015625,-0.01202392578125,0.30859375,1.078125,0.00604248046875,0.0732421875,4.553794860839844e-05,0.0181884765625,2.4375,-0.000698089599609375,0.0018463134765625,2.9375,0.00140380859375,0.46484375,-1.049041748046875e-05,-0.000705718994140625,0.0380859375,0.7734375,0.00946044921875,-0.0024261474609375,1.3984375,0.03271484375,-0.890625,-0.087890625,0.0205078125,0.7109375,0.93359375,0.75,0.007293701171875,-0.97265625,2.703125,0.73046875,-0.000698089599609375,2.46875,1.2421875,1.6796875,0.0191650390625
./data/emilia_xyz/worker_3_EN_B00000_S00013_W000056.wav," Yeah, I wrote a response to this and uhm, and at first I actually had a whole paragraph where I said, you know, she probably didn't write the headline and I sort of, you know, ripped apart the headline. But then as I was going through the article, she basically did say almost exactly that in the article and so I pulled that out. She might not have written the headline, but she got pretty close to it in the article.",20.7,EN_B00000_S00013,en,0.97265625,1.3203125,0.87890625,0.0031585693359375,-0.00244140625,1.2890625,0.37109375,0.546875,-0.007354736328125,-0.0020599365234375,-0.00848388671875,1.4609375,1.359375,0.515625,0.08203125,0.77734375,0.007568359375,1.125,0.07421875,0.03173828125,-0.047119140625,2.968311309814453e-05,0.00677490234375,0.080078125,0.80078125,0.265625,1.890625,-0.000659942626953125,1.6328125,0.6640625,2.15625,-0.1357421875,-8.225440979003906e-06,-0.0004673004150390625,0.017822265625,0.01708984375,1.2890625,1.2578125,-0.003936767578125,2.265625,-0.0211181640625,-0.000537872314453125,0.009033203125,0.8046875,0.58984375,0.00439453125,1.21875,-0.11279296875,2.125,0.031494140625,0.034912109375,1.90625,0.00042724609375,6.020069122314453e-06,0.2392578125
./data/emilia_xyz/worker_3_EN_B00000_S01073_W000051.wav," I felt so absolutely overwhelmed by that, you know? And I got to meet Kevin Trapignari, who is my biggest mentor in the world. And he kind of, I talked to him about, you know, look, I've always, the reason why I'm so, I always tell people I'm Aboriginal is because I really, I feel it, you know, like I really identify with that within me. I feel those ties.",25.297,EN_B00000_S01073,en,0.85546875,1.640625,0.1337890625,0.00537109375,0.7109375,0.251953125,0.1484375,1.4296875,0.69921875,0.369140625,-0.003662109375,2.265625,1.3984375,0.8828125,0.625,2.65625,-0.0037078857421875,0.283203125,1.6171875,1.8828125,0.62890625,1.359375,0.0064697265625,0.244140625,1.8671875,0.82421875,2.828125,0.013671875,1.25,2.78125,0.0028533935546875,0.6171875,1.09375,2.078125,2.5033950805664062e-05,0.0067138671875,1.0859375,1.21875,-0.0004024505615234375,0.73828125,1.359375,0.015869140625,0.466796875,1.34375,0.96875,0.0048828125,1.71875,1.453125,3.28125,1.1796875,0.00909423828125,2.34375,0.74609375,1.2265625,0.05419921875
./data/emilia_xyz/worker_3_EN_B00000_S00063_W000026.wav," Alright, two words people, two words. Free snacks. Yes, I'm gonna give you the chance to get free snacks. Drop the candy bar, drop potato chips, they're not good for you. Do what I do, get delicious, wholesome snacks at naturebox.com. Naturebox gives me hundreds of snacks, I mean delicious snacks, and I don't feel guilty about eating them because they're better for me. They've got zero artificial flavors, colors or sweeteners, zero grams trans fats, and no high fructose",21.404,EN_B00000_S00063,en,1.84375,2.1875,-0.00457763671875,0.0057373046875,-0.00494384765625,0.408203125,0.11474609375,0.008544921875,0.017333984375,-0.004302978515625,0.92578125,2.671875,0.76171875,0.51171875,0.9375,2.53125,-0.01080322265625,0.671875,1.65625,-0.0169677734375,-0.03125,2.1904706954956055e-06,0.007293701171875,0.08056640625,0.85546875,0.015625,3.046875,0.98828125,0.796875,2.609375,0.0013580322265625,0.80859375,-1.3470649719238281e-05,2.953125,0.6796875,0.0017547607421875,-0.0238037109375,0.98046875,0.000823974609375,0.267578125,1.8828125,0.036865234375,0.0167236328125,1.3053417205810547e-05,1.515625,0.00518798828125,0.765625,-0.9453125,2.75,2.0742416381835938e-05,0.0205078125,2.640625,-8.106231689453125e-05,1.296875,0.10302734375
./data/emilia_xyz/worker_3_EN_B00000_S01163_W000034.wav," Thought I was onto a money maker, but I just wound up having to insert my last 20 bucks just to move the thing six feet. You know? Not really good value, not really practical, definitely doesn't supply me with the, with the, uh, rent money that I, uh, that I really need. Anyway, sorry to disappoint everybody, uh,",23.09,EN_B00000_S01163,en,0.78515625,1.3359375,0.87109375,0.0030059814453125,-0.000186920166015625,0.77734375,0.216796875,0.244140625,-0.005340576171875,-0.0020294189453125,-0.010498046875,1.625,1.2421875,0.52734375,0.1015625,0.419921875,0.01611328125,1.0390625,0.01239013671875,0.041748046875,-0.04833984375,3.0279159545898438e-05,0.00750732421875,0.0791015625,0.7265625,0.0615234375,1.7578125,-0.000621795654296875,1.1484375,0.66015625,1.703125,-0.11962890625,-8.702278137207031e-06,-0.000530242919921875,2.276897430419922e-05,0.015869140625,0.828125,1.0625,-0.0037689208984375,1.640625,6.961822509765625e-05,0.1083984375,0.01177978515625,0.73828125,0.318359375,0.00543212890625,1.0703125,-0.072265625,1.953125,0.53125,0.197265625,1.7890625,0.00457763671875,6.020069122314453e-06,0.546875
./data/emilia_xyz/worker_3_EN_B00000_S00913_W000000.wav," Hello everybody, my name is Markiplier and welcome to Bear Simulator, the game where you can be the best bear that you ever wanted to be and hopefully live out your life and find salmon and hibernate a long time and then attack an Oscar-winning actor when he's lost in the woods as a fur trapper. That's a topical- oh my goodness. Am I standing on my hind legs? Oh, this is amazing. Oh, this is incredible. I-I-I honestly don't know- Oh! Hooray! I got an achievement!",28.945,EN_B00000_S00913,en,0.890625,1.390625,1.0234375,0.00323486328125,-0.002288818359375,1.0625,0.283203125,0.49609375,-0.01239013671875,-0.00372314453125,-0.0067138671875,1.5625,1.3515625,0.5234375,0.1279296875,0.55078125,0.0184326171875,1.078125,0.58203125,0.0732421875,-0.05126953125,2.7060508728027344e-05,0.0078125,0.07080078125,0.93359375,0.333984375,2.046875,-0.0006256103515625,1.7265625,0.69140625,1.796875,-0.08984375,-5.364418029785156e-06,0.005889892578125,0.1953125,0.01458740234375,1.3671875,1.40625,-0.00396728515625,2.421875,-0.044921875,0.1142578125,0.004791259765625,0.87109375,0.640625,0.00482177734375,1.265625,-0.0062255859375,2.234375,0.07568359375,0.06982421875,1.984375,-0.00013256072998046875,6.020069122314453e-06,0.30859375
./data/emilia_xyz/worker_3_EN_B00000_S01243_W000066.wav," The input. And so at that point, it's like, it's, it's your const, you're aiming for the f**king star and you're trying to move towards it. It's like, it's like the person that realizes they have been consumed by their thoughts and now they're, they have an awareness of.",22.332,EN_B00000_S01243,en,0.796875,1.265625,0.79296875,0.0031890869140625,-0.0020751953125,1.0234375,0.40625,0.58984375,-0.013427734375,0.5546875,-0.0038299560546875,1.75,1.296875,0.51953125,0.09033203125,0.6328125,0.00836181640625,0.92578125,0.8203125,0.302734375,-0.041015625,0.61328125,0.007110595703125,0.06494140625,0.95703125,0.1552734375,1.859375,-0.00069427490234375,1.7890625,0.828125,1.5,-0.08837890625,-0.004241943359375,-0.00058746337890625,2.3484230041503906e-05,0.0162353515625,1.1640625,1.4140625,-0.00384521484375,2.1875,-0.13671875,0.1328125,0.01336669921875,1.3984375,0.431640625,0.00445556640625,1.3125,-0.16796875,2.171875,0.92578125,0.1259765625,1.8359375,0.00194549560546875,6.020069122314453e-06,0.392578125
./data/emilia_xyz/worker_3_EN_B00000_S00903_W000007.wav," That's about it for the Christmas updates, guys. You're welcome. Nothing else to report here. And, uh, that'll, that'll... What? What's that? No, no, I said, I said I didn't want to talk about that. No! Well, I... What? If I don't mention it, you're gonna do what? You can't do that, can you? You... You can. Alright. Uh, well, ladies and gentlemen, it gives me, ahem,",29.66,EN_B00000_S00903,en,0.859375,1.3046875,0.9921875,0.0032806396484375,-0.0027923583984375,1.25,0.267578125,0.57421875,-0.008544921875,0.00592041015625,-0.00848388671875,1.59375,1.4140625,0.50390625,0.09765625,0.412109375,0.01287841796875,1.0625,0.01239013671875,-0.0081787109375,-0.039306640625,3.361701965332031e-05,0.007293701171875,0.06787109375,0.7890625,0.265625,1.9296875,-0.00063323974609375,1.625,0.7734375,1.8828125,-0.10205078125,-8.821487426757812e-06,-0.0006561279296875,0.004638671875,0.0191650390625,1.1875,1.2734375,-0.0038909912109375,2.328125,0.0042724609375,-0.0478515625,0.01025390625,0.9921875,0.70703125,0.004791259765625,1.1953125,-0.035400390625,2.1875,0.7109375,0.212890625,1.84375,0.00157928466796875,6.020069122314453e-06,0.05810546875
./data/emilia_xyz/worker_3_EN_B00000_S00023_W000603.wav," Then you have to give it energy. You've got to give it some kind of energetic impetus. So if I want a rock to move up, I have to throw the rock up. I can't just let it go because it's going to want to move to the, to the natural center, which would be the center of the earth because we now understand how gravity works. But that was how they were conceiving gravity at the time.",20.017,EN_B00000_S00023,en,1.5546875,1.78125,-0.00408935546875,0.004150390625,0.2216796875,-0.01007080078125,0.6875,1.484375,1.1328125,-0.00171661376953125,-0.0103759765625,1.7421875,1.2578125,0.56640625,0.08984375,2.53125,-0.00055694580078125,-0.017333984375,0.62109375,-0.020751953125,-0.04736328125,1.2636184692382812e-05,0.006927490234375,0.10595703125,0.67578125,0.0252685546875,2.96875,-0.000675201416015625,0.0018768310546875,3.171875,0.28515625,0.71484375,-1.7881393432617188e-05,1.0703125,2.288818359375e-05,0.00848388671875,-0.0225830078125,-0.0020904541015625,-0.003936767578125,0.05859375,0.0015411376953125,-0.057861328125,0.00927734375,2.4400651454925537e-07,0.9609375,0.3515625,0.007354736328125,0.9609375,2.875,2.0742416381835938e-05,0.318359375,2.40625,1.0546875,2.59375,0.04443359375
./data/emilia_xyz/worker_3_EN_B00000_S00483_W000018.wav, From my laptop to the computer that's running the GPU. This is a Windows computer. You typically don't want to use Kali within a virtual machine because you don't get access to the GPUs. So I've captured the information and moved it to a Windows computer with a GPU. So what I'll do is clear the screen and I'll paste this command in. So what we're doing here using the old method.,21.532,EN_B00000_S00483,en,2.109375,2.015625,-0.00531005859375,0.0042724609375,0.173828125,-0.00830078125,-0.0091552734375,0.040771484375,0.0303955078125,-0.00439453125,-0.00567626953125,1.859375,0.84765625,0.396484375,0.86328125,2.40625,-0.01507568359375,0.7890625,0.69921875,-0.01470947265625,-0.0157470703125,5.453824996948242e-06,0.006378173828125,0.060302734375,0.76171875,0.05224609375,2.9375,-0.0002899169921875,0.68359375,2.890625,0.18359375,0.63671875,-1.138448715209961e-05,1.109375,2.4557113647460938e-05,0.0184326171875,-0.01385498046875,-6.341934204101562e-05,-0.003662109375,0.052978515625,0.98046875,-0.080078125,0.0103759765625,1.0579824447631836e-06,0.78515625,0.005889892578125,0.00714111328125,-0.8515625,2.90625,2.0742416381835938e-05,0.002593994140625,1.984375,-8.106231689453125e-05,1.8671875,0.057373046875
./data/emilia_xyz/worker_3_EN_B00000_S01243_W000065.wav," So I don't think there's necessarily enlightened humans. There's people that are constantly working on the, it's self discovery. It's understanding of where you fit in the world and what and how as an individual you're interpreting and dealing with.",21.34,EN_B00000_S01243,en,1.796875,1.9609375,0.0022735595703125,-0.00171661376953125,0.095703125,-0.01190185546875,-0.038818359375,1.953125,0.34375,-0.004425048828125,-0.0123291015625,1.5625,1.46875,0.75,0.1337890625,2.609375,-0.00714111328125,0.53515625,0.01239013671875,0.02734375,0.28125,2.586841583251953e-05,0.00238037109375,0.0791015625,0.58984375,0.002197265625,2.828125,-0.000728607177734375,0.006317138671875,3.1875,0.0235595703125,0.2353515625,0.490234375,0.70703125,2.4557113647460938e-05,0.01361083984375,0.0157470703125,-0.002227783203125,0.875,0.166015625,0.00726318359375,-0.0966796875,0.02001953125,-1.214444637298584e-06,0.92578125,0.765625,0.00732421875,-0.80859375,2.765625,2.0742416381835938e-05,0.03466796875,2.125,0.3125,1.78125,0.08740234375
./data/emilia_xyz/worker_3_EN_B00000_S01303_W000021.wav," It's also cool just because, hey, it's like this whole level was here and you make the level what you wanna make it because it's your colors that you're spraying all over it so, technically when two people are playing it may not be all that similar just because, it's kinda cool. Ooh, woah, woah, wait, woah, don't crush me. Don't crush me, bro. Okay, I'ma get you. I'ma get you! Yeah, I got you. Where's this next boss? Where's this boss? Shit!",25.765,EN_B00000_S01303,en,1.3203125,2.0625,0.0107421875,0.126953125,-0.000423431396484375,1.375,0.5390625,0.031982421875,0.78515625,-0.00433349609375,0.48046875,2.9375,1.015625,0.392578125,0.8984375,2.71875,-0.007781982421875,0.671875,1.859375,-0.032470703125,0.04345703125,1.9431114196777344e-05,0.00347900390625,0.10302734375,0.96875,0.03173828125,2.953125,1.3515625,0.8203125,2.6875,0.00299072265625,0.796875,-5.513429641723633e-06,2.375,1.0078125,0.01202392578125,0.00518798828125,1.25,-0.00390625,1.6796875,1.734375,0.482421875,0.01611328125,-3.471970558166504e-06,1.7578125,0.00714111328125,1.0078125,-1.1953125,3.234375,2.0742416381835938e-05,0.0213623046875,2.671875,0.875,0.94921875,0.03466796875
./data/emilia_xyz/worker_3_EN_B00000_S01073_W000050.wav," Uhm, for Indigenous comedians. Uhm, that was honestly the most amazing thing because I got to meet, uhm, strong, staunch, you know, empowered, confident Aboriginal comedians who talked about all of the things that you could do with that platform.",24.754,EN_B00000_S01073,en,0.90625,1.3203125,0.6796875,0.0032501220703125,0.01251220703125,0.009765625,0.142578125,0.6015625,-0.0242919921875,0.008056640625,-0.0166015625,1.234375,1.125,0.48046875,0.2255859375,1.1875,-0.00946044921875,0.80078125,0.0125732421875,0.154296875,-0.0390625,0.95703125,0.007354736328125,0.0849609375,0.8203125,0.0439453125,2.046875,-0.00061798095703125,0.3828125,1.2578125,0.859375,0.053466796875,-7.152557373046875e-06,-0.00022602081298828125,0.11376953125,0.017578125,1.09375,0.671875,-0.00335693359375,1.7265625,0.00482177734375,0.022216796875,0.0181884765625,1.21875,0.734375,0.006500244140625,0.90234375,-0.3984375,2.15625,0.42578125,0.1259765625,1.578125,0.0020751953125,0.10986328125,0.5078125
./data/emilia_xyz/worker_3_EN_B00000_S01373_W000031.wav, To the voice work and the voice acting cast. You can choose English or Japanese with both sounding fantastic. And the musical score is equally good. Performance in both docked and handheld on the Switch is perfect. I haven't experienced any crashes and it runs at a fluid 60 frames per second. Perhaps more could have been done visually to demarcate friend from foe. The visuals and performance score 18 out of 20 and the audio scores 20 out of 20.,23.034,EN_B00000_S01373,en,1.046875,1.6328125,1.4921875,0.0022430419921875,-0.00144195556640625,1.5703125,0.365234375,0.7109375,-0.00579833984375,0.000850677490234375,0.0029144287109375,1.8046875,1.4609375,0.62890625,0.1943359375,1.3515625,0.0223388671875,1.1484375,0.97265625,0.0537109375,-0.03857421875,2.6345252990722656e-05,0.00946044921875,0.046630859375,1.0546875,0.330078125,2.375,-0.000640869140625,1.859375,1.7109375,1.640625,-0.007232666015625,0.1328125,0.353515625,0.6015625,0.017578125,2.0,1.625,-0.0038909912109375,2.671875,-0.0712890625,-0.02783203125,0.0019378662109375,1.4296875,0.75390625,0.00360107421875,1.3046875,-0.1904296875,2.484375,0.028076171875,0.150390625,2.0625,-8.106231689453125e-05,6.020069122314453e-06,0.08154296875
./data/emilia_xyz/worker_3_EN_B00000_S01433_W000035.wav," In the first 10 hours, I was having a great time, but the further I went on, the more it felt like the systems were working against me. If you have all the time in the world, there is a decent RPG here and maybe those farming elements will click more with you than they did me. But in trying too hard to be too many different styles of game, it too often forgot that games are meant to be",20.604,EN_B00000_S01433,en,0.953125,1.2890625,0.58203125,0.003448486328125,-0.0026702880859375,1.140625,0.216796875,0.05810546875,0.0031280517578125,0.0029296875,-0.01324462890625,1.6015625,1.390625,0.55078125,0.08740234375,0.3359375,0.007568359375,1.0546875,0.01226806640625,-0.0341796875,-0.045166015625,3.2901763916015625e-05,0.007354736328125,0.0791015625,0.7578125,0.08544921875,1.7421875,-0.000637054443359375,1.3984375,0.55078125,1.7578125,-0.1494140625,-9.179115295410156e-06,-0.000560760498046875,2.2530555725097656e-05,0.01806640625,0.73828125,1.140625,-0.0038299560546875,1.828125,-5.9604644775390625e-05,-0.00262451171875,0.010986328125,0.7734375,0.54296875,0.00555419921875,1.03125,-0.0062255859375,2.015625,0.5390625,0.25390625,1.765625,0.0020294189453125,6.020069122314453e-06,0.08984375
./data/emilia_xyz/worker_3_EN_B00000_S00553_W000015.wav," And you can see that it's now available and I can select that. So once again, all I did was select my SD card and then I can click next. So as an example, you may want to enable SSH so that you can SSH directly into the Raspberry Pi. You could also specify options such as the wifi. So those are great options if you, for instance, don't have the Raspberry Pi connected to a monitor.",22.236,EN_B00000_S00553,en,2.828125,2.109375,-0.0022430419921875,0.00433349609375,-0.0048828125,0.421875,0.11474609375,0.76171875,0.01226806640625,-0.0048828125,-0.006622314453125,1.578125,0.8671875,0.63671875,0.79296875,2.46875,-0.01544189453125,0.96484375,0.77734375,-0.035400390625,-0.0242919921875,-1.4156103134155273e-07,0.00726318359375,0.046142578125,0.80859375,0.23828125,3.34375,-0.00064849853515625,0.6015625,3.296875,0.076171875,0.546875,-1.728534698486328e-05,1.2109375,2.396106719970703e-05,0.01251220703125,-0.026123046875,-0.003143310546875,-0.0023040771484375,0.053955078125,0.8125,-0.04541015625,0.01397705078125,9.357929229736328e-06,0.90234375,0.006134033203125,0.007232666015625,-1.703125,2.9375,2.0742416381835938e-05,0.00848388671875,2.09375,-8.106231689453125e-05,2.265625,0.008544921875
./data/emilia_xyz/worker_3_EN_B00000_S00433_W000089.wav," Um, I mean, hallucinogens and these things have opened up, tapped into things for, since they've been around, right? Um, it's, uh, yeah, I mean, the vulnerability thing, it's, um, so I was just thinking about, uh, the one thing I like about",22.601,EN_B00000_S00433,en,1.5625,1.84375,0.0034942626953125,0.0036773681640625,1.6015625,-0.0111083984375,-0.02734375,2.3125,0.007568359375,0.462890625,-0.005523681640625,1.3359375,1.5859375,0.478515625,0.1328125,2.234375,0.01068115234375,0.63671875,0.01251220703125,-0.030029296875,0.77734375,0.578125,0.00885009765625,0.037353515625,0.3984375,0.01806640625,2.328125,-0.000640869140625,0.00177764892578125,3.078125,0.2490234375,0.1708984375,-8.344650268554688e-06,0.9765625,2.5033950805664062e-05,0.042236328125,0.36328125,-0.00238037109375,-0.0004024505615234375,0.041259765625,-0.000667572021484375,0.9296875,0.85546875,0.09375,1.015625,0.890625,0.00714111328125,-0.80078125,2.734375,2.0742416381835938e-05,0.09326171875,1.6953125,-8.106231689453125e-05,1.7265625,0.048095703125
./data/emilia_xyz/worker_3_EN_B00000_S00703_W000001.wav," So, what is so thumping about this episode? Steak fries? I hear you ask! Well, my friends, you are in for quite the treat this week. This is not the usual Barry Steak Fries is gonna bombard your ears with a whole lot of nonsense style treat. No! This week, I wanna talk to you about Arby's! That's right!",21.647,EN_B00000_S00703,en,1.390625,2.359375,-0.004241943359375,0.9375,1.0859375,-0.0010223388671875,-0.001312255859375,0.0380859375,2.234375,-0.00408935546875,1.0390625,2.75,1.28125,0.0576171875,0.6640625,2.640625,-0.0218505859375,0.9609375,1.328125,-0.0247802734375,0.271484375,1.0,0.68359375,0.10595703125,0.70703125,0.019775390625,2.359375,1.0703125,0.205078125,2.875,-0.00160980224609375,0.99609375,-1.049041748046875e-05,0.1015625,1.6796875,0.7109375,-0.018310546875,0.83203125,1.53125,0.052734375,1.125,0.37890625,0.00634765625,-9.298324584960938e-06,1.8125,0.06591796875,0.007293701171875,-0.68359375,2.96875,2.0742416381835938e-05,0.0274658203125,3.0,1.296875,0.69921875,1.3125
./data/emilia_xyz/worker_3_EN_B00000_S00163_W000030.wav," Actually, specifically fuck the hurdles. Everything else was fine up until then. I was having a fine time. Fuck the hurdles. Okay, I'm gonna go relax. I'm gonna rest. I'm gonna take it easy. I'm never gonna play this game ever, ever, ever again. So thank you everybody so much for watching. And as always, I will see you in the next video. Buh-bye!",24.228,EN_B00000_S00163,en,1.421875,2.21875,-0.005218505859375,0.004547119140625,-0.000804901123046875,1.5546875,0.1123046875,0.03369140625,1.6171875,-0.004119873046875,-0.006866455078125,2.75,1.1640625,0.140625,0.78515625,2.390625,-0.004425048828125,0.8984375,2.0625,-0.0252685546875,0.00677490234375,3.457069396972656e-05,0.004302978515625,0.06787109375,0.94140625,0.96484375,2.6875,1.5859375,0.96484375,3.046875,0.0027618408203125,0.75,-9.655952453613281e-06,2.125,0.8671875,0.63671875,-0.0390625,1.2734375,0.024169921875,0.67578125,1.4453125,1.6171875,0.0185546875,-5.513429641723633e-06,1.8671875,0.007598876953125,0.01336669921875,-1.2421875,2.96875,2.0742416381835938e-05,0.019287109375,2.796875,1.453125,0.68359375,1.1953125
./data/emilia_xyz/worker_3_EN_B00000_S00483_W000071.wav," I'll open up a notepad. So there's the password that was cracked. So sometimes it's just, you're lucky. You get a password more quickly because the user chose a password that Hashcat can guess in the brute force attack. Now this other one is taking its time. So let's see if we can crack this 10 digit WPA one more quickly on this machine.",22.236,EN_B00000_S00483,en,0.9453125,1.3203125,0.68359375,0.0034332275390625,-0.0024566650390625,1.0703125,0.2158203125,0.11474609375,-0.006011962890625,0.00147247314453125,-0.01239013671875,1.6171875,1.296875,0.51171875,0.0615234375,0.470703125,0.01336669921875,1.078125,0.01251220703125,-0.032470703125,-0.047607421875,3.0279159545898438e-05,0.007415771484375,0.0830078125,0.7578125,0.287109375,1.71875,-0.00061798095703125,1.328125,0.67578125,1.671875,-0.1337890625,-9.179115295410156e-06,-0.00061798095703125,2.2292137145996094e-05,0.018310546875,0.828125,1.1484375,-0.003814697265625,1.890625,-0.000278472900390625,0.1328125,0.01080322265625,0.65234375,0.5,0.005096435546875,0.9609375,-0.01165771484375,1.9765625,0.515625,0.244140625,1.7421875,0.0020599365234375,6.020069122314453e-06,0.435546875
./data/emilia_xyz/worker_3_EN_B00000_S00883_W000019.wav," Really? A little rough living? Yeaah, some rough living, but, uh, no, listen, I've been blessed with good genetics and, you know, I take care of myself and, you know, being young is, not to get too serious, but it's like it's an inside job. It's more about your attitude on life and I think that makes you look and feel younger. Also, not being old helps.",20.0,EN_B00000_S00883,en,1.40625,2.03125,0.009033203125,0.004791259765625,0.009033203125,0.00592041015625,0.1484375,1.1484375,-0.02197265625,0.2119140625,-0.00982666015625,1.7578125,1.703125,0.78515625,0.7734375,2.5,-0.00909423828125,0.890625,0.96875,-0.03125,0.94140625,0.00010442733764648438,0.008544921875,0.10693359375,1.125,0.458984375,2.75,0.7890625,0.60546875,3.21875,0.0205078125,0.43359375,-1.2218952178955078e-05,1.234375,0.72265625,0.028564453125,0.474609375,0.70703125,-0.003509521484375,1.3515625,0.84765625,0.1826171875,0.412109375,0.310546875,1.6875,0.5703125,1.046875,-0.43359375,3.171875,2.0742416381835938e-05,0.07275390625,2.453125,0.049560546875,1.0625,0.044189453125
./data/emilia_xyz/worker_3_EN_B00000_S00013_W000051.wav," I wrote a piece, uh, a couple years ago, I think, that effectively said that, which is that, you know, any reform to 230 really is a repeal to 230. And this gets somewhat into the weeds, but it's sort of how 230 actually works and what the mechanism is, because I think people sort of get confused by that. The reality is that section 230 is the sort of",21.132,EN_B00000_S00013,en,1.03125,1.5234375,0.6171875,0.0027008056640625,-0.002899169921875,0.08447265625,0.2060546875,0.63671875,-0.026611328125,0.042236328125,-0.015625,1.296875,1.078125,0.484375,0.181640625,1.3828125,-0.00518798828125,0.828125,0.01220703125,0.1875,-0.049072265625,0.5703125,0.005584716796875,0.0634765625,0.83984375,0.03662109375,2.0625,-0.000652313232421875,1.109375,1.9140625,0.93359375,0.03857421875,-1.0251998901367188e-05,0.0062255859375,0.0712890625,0.01708984375,1.234375,1.1640625,-0.0037841796875,1.0,0.004791259765625,-0.031982421875,0.0185546875,1.1875,0.71484375,0.006378173828125,0.87890625,-0.18359375,2.359375,0.287109375,0.1943359375,1.6875,-0.000606536865234375,0.004913330078125,0.1474609375
./data/emilia_xyz/worker_3_EN_B00000_S01153_W000037.wav," It's for a game. It will shoot, it will shoot it into. That's fucked. Poor Steve. It actually must have been, it was such a big stingray cause it went up through his heart. We used to catch stingrays when we were young down at Hampton beach, but it's, um, they were small. They were small, not like a big fucker. Anyway. Scary world, isn't it?",21.986,EN_B00000_S01153,en,0.89453125,1.3125,0.84765625,0.0030670166015625,-0.0036773681640625,1.171875,0.220703125,0.5078125,-0.0111083984375,0.00921630859375,-0.01129150390625,1.609375,1.390625,0.52734375,0.12158203125,0.314453125,0.01300048828125,1.109375,0.0123291015625,-0.0177001953125,-0.044189453125,2.9087066650390625e-05,0.0067138671875,0.07763671875,0.78125,0.052001953125,1.796875,-0.000614166259765625,1.53125,0.58984375,1.8359375,-0.11572265625,-1.1086463928222656e-05,-0.000568389892578125,0.021484375,0.0159912109375,0.84375,1.1875,-0.003814697265625,2.109375,-0.00323486328125,0.028076171875,0.0108642578125,0.8125,0.62890625,0.00531005859375,0.8828125,-0.0062255859375,2.046875,0.482421875,0.21484375,1.8203125,0.00191497802734375,6.020069122314453e-06,0.490234375
./data/emilia_xyz/worker_3_EN_B00000_S00263_W000006.wav," And safety rules. Okay, now look, I know this is probably things that we've touched on before, but it never hurts to get a bit of a refresher on how to correctly operate your jetpack, alright? Even Barry needs a refresher now and then. Otherwise, he might end up, uh, straying into the path of",22.275,EN_B00000_S00263,en,0.9375,1.3359375,0.73046875,0.003173828125,-0.001953125,1.1953125,0.361328125,0.1513671875,-0.0191650390625,-0.00274658203125,-0.00543212890625,1.65625,1.1953125,0.515625,0.11083984375,0.890625,0.01263427734375,1.1484375,0.85546875,0.08935546875,-0.05224609375,2.8967857360839844e-05,0.00775146484375,0.07958984375,0.8984375,0.458984375,1.984375,-0.000644683837890625,1.6484375,0.76953125,2.046875,-0.0625,-8.58306884765625e-06,0.18359375,2.2172927856445312e-05,0.013671875,1.0390625,1.5625,-0.003936767578125,2.21875,-0.0439453125,0.0478515625,0.00848388671875,0.69140625,0.57421875,0.00469970703125,1.296875,-0.08349609375,2.046875,0.0091552734375,0.0712890625,1.90625,-0.0002651214599609375,6.020069122314453e-06,0.326171875
./data/emilia_xyz/worker_3_EN_B00000_S01273_W000028.wav," But must school them to obedience. He should live according to principle and not according to passion. Now, what does he mean by passion here? Does he mean you shouldn't be passionate about what you're doing? No. By passion, how he uses the word passion, he means over exuberance, over passion.",23.684,EN_B00000_S01273,en,1.609375,2.3125,-0.003021240234375,0.005401611328125,0.083984375,-0.01519775390625,-0.0264892578125,1.140625,1.21875,-0.003997802734375,0.83984375,1.6484375,1.0,0.0245361328125,-0.455078125,2.5,-0.0191650390625,0.3125,0.0125732421875,-0.033203125,-0.038818359375,2.6941299438476562e-05,0.58203125,0.10888671875,0.75390625,0.00180816650390625,2.796875,-0.0007781982421875,0.65234375,3.328125,-8.7738037109375e-05,0.87890625,-6.854534149169922e-06,0.97265625,2.6226043701171875e-05,1.0546875,-0.0174560546875,-0.0022125244140625,0.9765625,0.06494140625,0.05615234375,-0.04443359375,0.0201416015625,-1.2099742889404297e-05,0.66015625,1.21875,0.06884765625,-1.421875,3.03125,2.0742416381835938e-05,0.01202392578125,2.078125,1.375,1.796875,1.125
./data/emilia_xyz/worker_3_EN_B00000_S00703_W000016.wav," Too weird? That one? Maybe. Yea, alright, alright, alright. One, one more idea. The jetpack is like one of those giant Arby's hats. You know the ones. Uhm, and you don't even wear it like a jetpack. You just, well I guess, I guess this one's just a hat. Uhm.",20.17,EN_B00000_S00703,en,1.421875,1.859375,-0.0036773681640625,0.8828125,1.4140625,-0.0130615234375,-0.03271484375,0.86328125,0.017333984375,-0.00390625,-0.014404296875,2.03125,1.1484375,0.1259765625,0.6171875,2.609375,-0.023193359375,0.8125,1.0546875,-0.031982421875,0.046630859375,1.2516975402832031e-06,0.00628662109375,0.0703125,0.75,0.000659942626953125,2.0,0.9140625,0.0018310546875,2.5625,0.30859375,0.427734375,-1.055002212524414e-05,1.5,0.2138671875,0.015625,0.12255859375,0.1796875,-0.001220703125,0.017333984375,0.0224609375,1.3515625,0.01611328125,2.130866050720215e-06,1.15625,0.60546875,0.007171630859375,-0.82421875,2.625,2.0742416381835938e-05,0.002655029296875,2.265625,0.0062255859375,1.28125,0.029296875
./data/emilia_xyz/worker_3_EN_B00000_S00643_W000014.wav," That takes us then to visuals and performance. Now I'll start with the technical stuff. Performance, you're looking at 30 frames per second. We have seen from the community that just increasing the memory clock can bring that up to a locked out 30, but as it stands, it will have drops down to 20. It seems to use some form of v-sync, which stops it from massively fluctuating, but it will take it from 30 to 20 and then back up again when needed.",20.924,EN_B00000_S00643,en,2.4375,2.359375,0.0106201171875,0.008056640625,-0.0035552978515625,-0.00830078125,0.1142578125,0.80078125,0.0771484375,-0.00445556640625,-0.01025390625,1.5703125,1.0234375,0.333984375,0.6015625,2.796875,-0.0166015625,0.578125,0.01226806640625,-0.017822265625,0.0517578125,0.025634765625,0.007110595703125,0.036865234375,0.81640625,0.0291748046875,3.46875,-0.000705718994140625,0.57421875,3.15625,0.00179290771484375,0.5,-1.2755393981933594e-05,0.71875,2.288818359375e-05,0.00933837890625,0.00909423828125,-0.0015411376953125,0.001129150390625,0.028564453125,0.004547119140625,-0.03857421875,0.00139617919921875,-3.46451997756958e-07,1.0859375,0.005615234375,0.007293701171875,-1.1953125,3.125,2.0742416381835938e-05,0.0052490234375,2.4375,0.00153350830078125,2.078125,0.04443359375
./data/emilia_xyz/worker_3_EN_B00000_S00023_W000129.wav," Disposition means you have the capacity to drive towards the good, but you won't necessarily do it without a little extra effort, without a little extra push. Uhm, dispositions can easily be changed, habits cannot easily be changed because you've already worked that habit into you. And virtues are habits.",20.459,EN_B00000_S00023,en,0.875,1.34375,0.97265625,0.003326416015625,0.01165771484375,0.94140625,0.1875,0.255859375,-0.004913330078125,0.00165557861328125,-0.0137939453125,1.734375,1.484375,0.46875,0.0220947265625,0.2236328125,0.016845703125,1.0703125,0.01239013671875,-0.03173828125,-0.044921875,2.7894973754882812e-05,0.00543212890625,0.0859375,0.78125,0.05517578125,1.7421875,-0.000621795654296875,1.2578125,0.58203125,1.7734375,-0.1748046875,-9.655952453613281e-06,-0.000637054443359375,2.193450927734375e-05,0.0166015625,0.59765625,1.0,-0.00390625,2.0,0.0048828125,-0.00092315673828125,0.010498046875,0.68359375,0.60546875,0.005401611328125,0.91015625,-0.0062255859375,2.015625,0.50390625,0.37890625,1.7890625,0.0020904541015625,6.020069122314453e-06,0.25390625
./data/emilia_xyz/worker_3_EN_B00000_S01293_W000133.wav," Um, and you have to remember as well, you look at places like, you know, these clusters like Silicon Valley, that's where all the big successful companies are coming out of, like big tech startups anyways, like mainly. And it's just like, it's just in the culture more, I think. Um, I don't know why, but yeah. Uh, you know, yeah. It feels like there's.",20.327,EN_B00000_S01293,en,0.953125,1.2421875,0.734375,0.0037078857421875,-0.00286865234375,1.0078125,0.2294921875,0.35546875,-0.004241943359375,-0.0023040771484375,-0.012939453125,1.6171875,1.3203125,0.455078125,0.09423828125,0.37890625,0.0086669921875,1.109375,0.0130615234375,-0.005340576171875,-0.04296875,3.0517578125e-05,0.007415771484375,0.0771484375,0.7734375,0.052978515625,1.7890625,-0.000621795654296875,1.2578125,0.765625,1.78125,-0.10791015625,-9.953975677490234e-06,-0.000579833984375,2.2172927856445312e-05,0.017578125,0.87109375,1.0625,-0.003875732421875,2.046875,0.004852294921875,-0.007598876953125,0.01025390625,0.734375,0.6328125,0.00494384765625,1.015625,-0.0130615234375,2.0625,0.62890625,0.11279296875,1.7890625,0.002044677734375,6.020069122314453e-06,0.095703125
./data/emilia_xyz/worker_3_EN_B00000_S00023_W000116.wav," And that's the passage here, he says, you abuse what's owed to a good friendship because why would you want to put me, put thoughts into, why would you want me to put thoughts into what I deal with least and hate the most? Because the skill at arms is nothing more than a vanity ignorant give themselves to, heavy with leaves. Okay. In the Spanish, we have... Cargada de hojas.",21.069,EN_B00000_S00023,en,1.6953125,2.375,0.00823974609375,0.0040283203125,0.01190185546875,-0.0067138671875,0.002593994140625,1.421875,0.4609375,-0.0038909912109375,0.9296875,1.7578125,1.1171875,0.734375,0.365234375,2.8125,-0.0198974609375,0.15625,0.0125732421875,0.0546875,0.0111083984375,3.409385681152344e-05,0.005279541015625,0.09326171875,0.7109375,0.0179443359375,3.125,-0.00067138671875,0.65234375,3.453125,0.0140380859375,0.82421875,-1.3589859008789062e-05,0.69140625,0.3359375,0.96484375,-0.007598876953125,-0.001922607421875,0.9609375,0.052734375,0.006866455078125,-0.0654296875,0.016845703125,-1.1265277862548828e-05,0.94921875,0.003692626953125,0.057373046875,-0.7734375,3.203125,2.0742416381835938e-05,0.0303955078125,2.5625,0.9140625,1.9921875,0.373046875
./data/emilia_xyz/worker_3_EN_B00000_S01433_W000019.wav," By completing these tasks you'll unlock new abilities which make the farming a little more palatable. Like being able to rake a large area or harvest an entire spot by holding the button down. At the end of each season there's a day of quietus. During this time all of your crops will die and you'll have to start all over again. If that doesn't sound enjoyable, well it really isn't.",20.06,EN_B00000_S01433,en,0.828125,1.2109375,0.8515625,0.0026397705078125,-0.0030059814453125,1.4140625,0.2216796875,0.58203125,-0.01336669921875,-0.0036468505859375,-0.0032501220703125,1.6796875,1.3046875,0.470703125,0.16015625,0.69140625,0.009521484375,1.1796875,0.71484375,-0.025390625,-0.037109375,3.2901763916015625e-05,0.00762939453125,0.05810546875,0.8359375,0.65234375,1.8828125,-0.00061798095703125,1.6015625,0.64453125,2.109375,-0.0849609375,-7.331371307373047e-06,0.0033721923828125,2.3245811462402344e-05,0.01904296875,1.1015625,1.4140625,-0.00390625,2.28125,-0.023193359375,-0.0673828125,0.0093994140625,0.91015625,0.71875,0.004364013671875,1.15625,-0.1328125,2.15625,0.30078125,0.11279296875,1.84375,0.000919342041015625,6.020069122314453e-06,0.05712890625
./data/emilia_xyz/worker_3_EN_B00000_S00023_W000292.wav," And I actually checked through the, the full Carranza text, not just this compendio. Most of the time when the word atajo shows up, it means to vocally interrupt. So like, um, if, if, uh, if John were talking and all of a sudden I, you know, I said, well anyway, that's an atajo. I'm, estoy atajando. Um, and then it shows up in a slightly different sense where the,",25.348,EN_B00000_S00023,en,0.8125,1.3203125,1.1328125,0.002471923828125,-0.0022430419921875,1.296875,0.23046875,0.5390625,-0.017333984375,0.005615234375,-0.000583648681640625,1.6796875,1.359375,0.578125,0.158203125,0.5078125,0.01806640625,1.171875,0.58984375,-0.0291748046875,-0.039794921875,3.218650817871094e-05,0.0081787109375,0.0537109375,0.921875,0.45703125,1.9375,-0.000621795654296875,1.6875,0.69921875,1.7578125,-0.10107421875,-7.569789886474609e-06,0.005615234375,2.205371856689453e-05,0.017333984375,1.328125,1.4296875,-0.002227783203125,2.265625,-0.052978515625,-0.052001953125,0.00714111328125,1.0390625,0.703125,0.004150390625,1.140625,-0.0062255859375,2.265625,0.345703125,0.15625,1.9453125,-0.000621795654296875,6.020069122314453e-06,0.060546875
./data/emilia_xyz/worker_3_EN_B00000_S00903_W000038.wav," And to everyone out there, thanks so much for tuning in this year, watching the Barry Vlog, I think it's going great, I think we've gone from strength to strength together, and I wish everybody a very Merry Christmas, have a safe and happy one, and a great new year, and I'll be back in the new year to catch you all real soon. Merry Christmas guys! Christmas!",25.739,EN_B00000_S00903,en,0.8671875,1.359375,0.87109375,0.0034027099609375,0.022705078125,0.333984375,0.259765625,0.095703125,0.0042724609375,0.01055908203125,-0.012939453125,1.84375,1.3125,0.5390625,0.051513671875,0.71484375,0.007568359375,1.140625,0.012451171875,0.1279296875,-0.0390625,3.147125244140625e-05,0.0078125,0.080078125,0.796875,0.047119140625,1.7421875,-0.00063323974609375,0.9453125,0.578125,1.4921875,-0.138671875,-9.238719940185547e-06,-0.00052642822265625,2.2172927856445312e-05,0.0181884765625,1.0234375,1.1796875,-0.003936767578125,2.28125,-0.028076171875,0.10205078125,0.01416015625,0.9375,0.5234375,0.00518798828125,1.2578125,-0.00787353515625,2.078125,0.7578125,0.1279296875,1.9453125,0.2109375,6.020069122314453e-06,0.73828125
./data/emilia_xyz/worker_3_EN_B00000_S00523_W000023.wav," There's a place and time to boast about yourself and there's a place and time not to. And this is the place where you should. This is the place where you're trying to, you know, showcase the very, very best of what you've got. So you need to be passionate and you need to boast about yourself. I can't think of a better word, but you know, that's what I, that I think that's really important.",20.138,EN_B00000_S00523,en,1.3203125,2.21875,-0.005706787109375,-0.00038909912109375,-0.003265380859375,0.0216064453125,-0.056640625,1.578125,0.1455078125,-0.004425048828125,-0.0091552734375,1.7578125,1.375,0.2119140625,0.29296875,2.484375,-0.01470947265625,-0.0130615234375,0.953125,-0.039306640625,0.05908203125,1.537799835205078e-05,0.0098876953125,0.06982421875,0.91796875,0.03271484375,3.046875,-0.000637054443359375,0.7734375,3.140625,-0.00063323974609375,0.66015625,-1.3768672943115234e-05,1.546875,2.467632293701172e-05,0.01422119140625,0.06689453125,0.5703125,-0.0004024505615234375,0.062255859375,1.21875,-0.08154296875,0.022705078125,2.1010637283325195e-06,0.78515625,0.00165557861328125,0.9765625,-0.99609375,3.046875,2.0742416381835938e-05,0.0279541015625,2.65625,0.625,1.828125,0.021484375
./data/emilia_xyz/worker_3_EN_B00000_S00483_W000079.wav," Here, how to use brute force attacks with GPUs to attack WPA, WPA2. I'm hoping you enjoyed this video. It's quite long. A lot of you have asked me questions about how to use Hashcat, how to use Hashcat with alphanumeric as an example, different types of options. If you enjoyed this video, please consider subscribing to my YouTube channel. Please like the video and click on the bell to get notifications. I'm David Bombal and I want to wish you all the very best.",22.249,EN_B00000_S00483,en,2.4375,2.109375,-0.0005950927734375,0.006011962890625,-0.00191497802734375,-0.01422119140625,0.171875,0.044189453125,0.08544921875,-0.004913330078125,-0.0126953125,2.203125,1.0703125,0.5078125,0.86328125,2.578125,-0.0115966796875,0.79296875,1.0859375,-0.037841796875,0.294921875,4.738569259643555e-06,0.0062255859375,0.0947265625,0.90234375,0.029296875,3.09375,-0.00193023681640625,0.8046875,2.59375,0.0045166015625,0.828125,-2.1696090698242188e-05,1.9765625,0.62109375,0.0120849609375,-0.0096435546875,0.09033203125,-0.0032501220703125,1.0859375,1.390625,-0.034423828125,0.0181884765625,6.884336471557617e-06,1.0703125,0.006866455078125,0.74609375,-0.84375,2.9375,2.0742416381835938e-05,0.0166015625,2.234375,-0.006927490234375,1.6015625,0.046630859375
./data/emilia_xyz/worker_3_EN_B00000_S00013_W000042.wav," You know, what is it that Snap is actually doing? Right? So they have, they have created this filter that tells you what your speed is. Is that encouraging speeding? You know, that's kind of an open question you could say, but even if it was, is that by itself violating the law? Is encouraging someone to speed by itself violating the law? It's not. So, you know,",22.023,EN_B00000_S00013,en,0.9140625,1.375,0.75390625,0.002899169921875,-0.0040283203125,0.435546875,0.1494140625,0.2490234375,-0.006500244140625,0.013916015625,-0.00927734375,1.5625,1.3046875,0.59765625,0.047607421875,0.73046875,0.01300048828125,1.015625,0.027099609375,-0.03369140625,-0.042236328125,3.0279159545898438e-05,0.006561279296875,0.07177734375,0.76953125,0.56640625,1.796875,-0.00061798095703125,1.34375,0.66015625,1.671875,-0.1455078125,-9.655952453613281e-06,0.0027313232421875,2.2292137145996094e-05,0.0164794921875,0.71875,1.0703125,-0.0026702880859375,1.921875,0.0048828125,0.021240234375,0.01165771484375,0.69921875,0.55078125,0.0052490234375,1.0234375,-0.0062255859375,1.9921875,0.578125,0.10546875,1.7890625,0.000823974609375,6.020069122314453e-06,0.07666015625
./data/emilia_xyz/worker_3_EN_B00000_S01073_W000091.wav," Why this joke exists, you know, and so then I, I extended the joke to sort of get to that point and then explain how my friend said, you can tell that joke as in I can say that word because I am one, which I think is super offensive and missed the point, right? Um, and so it's like that joke though,",21.867,EN_B00000_S01073,en,1.2109375,1.765625,0.01611328125,0.0068359375,1.1328125,0.486328125,0.0654296875,1.5859375,0.259765625,-0.00396728515625,-0.0101318359375,1.6953125,1.4765625,0.373046875,0.255859375,2.421875,-0.0174560546875,0.83984375,0.78125,0.0018768310546875,1.046875,0.275390625,0.007537841796875,0.080078125,0.76171875,0.796875,2.671875,1.3828125,0.7421875,2.53125,-0.0023651123046875,0.470703125,-1.1265277862548828e-05,1.0859375,2.205371856689453e-05,0.5859375,0.0986328125,0.8984375,-0.0004024505615234375,0.09326171875,1.0390625,0.02880859375,0.7265625,-6.9141387939453125e-06,1.0703125,1.015625,0.341796875,1.1796875,2.828125,2.0742416381835938e-05,0.0255126953125,2.5,0.123046875,1.75,0.061767578125
./data/emilia_xyz/worker_3_EN_B00000_S00653_W000201.wav," As I work and, you know, in my day job at, at Butterbot and as I, you know, talk with people in the industry and even as I teach the previous courses, I learn new stuff. I update the slides. That's what I care about as a trainer, right? Like I want to be on the cut, er, not as a trainer, but as a practitioner, I want to be on the cutting edge of, you know, some of these techniques and tactics and learning and so, uhm,",21.5,EN_B00000_S00653,en,1.65625,1.953125,-0.006134033203125,0.00396728515625,0.00860595703125,1.03125,-0.02001953125,1.703125,-0.002349853515625,-0.00433349609375,-0.00970458984375,2.359375,1.171875,0.5,0.86328125,2.765625,-0.019775390625,0.69921875,1.3046875,0.81640625,0.29296875,1.8835067749023438e-05,0.006744384765625,0.09814453125,1.0234375,0.057373046875,3.140625,0.001800537109375,1.09375,2.90625,-6.961822509765625e-05,0.58984375,-7.212162017822266e-06,2.453125,2.372264862060547e-05,0.00909423828125,0.44921875,0.75,-0.003936767578125,0.6015625,1.484375,-0.037841796875,0.458984375,7.897615432739258e-07,1.09375,0.0072021484375,0.007415771484375,-0.9453125,2.875,2.0742416381835938e-05,0.0211181640625,2.3125,-2.956390380859375e-05,1.921875,0.058837890625
./data/emilia_xyz/worker_3_EN_B00000_S00023_W000103.wav," Um, but yes, prudence, prudence is what gives you the means. It tells you how to do the thing. It tells, it takes the virtues and it takes, uh, your, your, your current understanding of the situation and then pulls in some episteme to give you broad knowledge about what you're observing. And then,",21.018,EN_B00000_S00023,en,2.140625,2.015625,-0.00274658203125,0.0029754638671875,0.00469970703125,-0.017822265625,-0.029296875,1.3984375,0.002899169921875,-0.004364013671875,-0.007598876953125,1.7109375,1.046875,0.373046875,0.365234375,2.671875,-0.0040283203125,-0.0023345947265625,0.77734375,-0.027587890625,-0.0537109375,1.895427703857422e-05,0.0091552734375,0.04833984375,0.8828125,0.0185546875,3.109375,-0.000690460205078125,0.91796875,3.21875,-0.00101470947265625,0.34765625,-7.063150405883789e-06,1.2421875,2.5033950805664062e-05,0.019775390625,-0.0223388671875,0.00787353515625,-0.003936767578125,0.06982421875,1.0859375,-0.0634765625,0.01165771484375,6.407499313354492e-06,0.87890625,0.64453125,0.00726318359375,-0.8046875,2.859375,2.0742416381835938e-05,0.0169677734375,2.09375,-0.000919342041015625,2.1875,0.061279296875
./data/emilia_xyz/worker_3_EN_B00000_S00143_W000035.wav," And you spray it and it's for carpet, upholstery, upholstery, is that the word? I just, just, you know, like furnishings and stuff and you spray it and then the foam disappears within five minutes, it dries and all odors go away. Yeah. I mean, these, for breeze,",20.607,EN_B00000_S00143,en,2.0625,2.109375,-0.007232666015625,0.85546875,0.97265625,-0.0147705078125,0.08056640625,0.91015625,1.0,-0.003875732421875,0.361328125,1.8203125,0.76171875,0.44921875,0.02978515625,2.671875,-0.0220947265625,0.8984375,0.01226806640625,-0.027099609375,0.166015625,3.0040740966796875e-05,0.435546875,0.11572265625,0.82421875,0.0380859375,2.375,0.35546875,0.0018463134765625,3.0625,0.78515625,0.451171875,0.1064453125,0.07666015625,2.3603439331054688e-05,0.462890625,0.1884765625,-0.00045013427734375,-0.0004024505615234375,0.040283203125,0.0091552734375,1.3125,0.01312255859375,-7.68899917602539e-06,1.1796875,0.09375,0.007232666015625,-0.91796875,2.78125,2.0742416381835938e-05,0.004119873046875,1.84375,0.80859375,1.5625,0.04345703125
./data/emilia_xyz/worker_3_EN_B00000_S00223_W000051.wav," Or even having, I know on the, uh, uh, our old mattress, Bree would say, like if, if we switch sides or whatever, it should be like, it should be like, oh, it's all sloping and gone shit on my, on my side because I'm heavier. Whereas with this tech, I think it's sort of, um, it does a better job of keeping, uh, keeping the shape and stuff.",21.99,EN_B00000_S00223,en,1.6953125,1.9140625,0.001708984375,0.004608154296875,1.2578125,-0.01324462890625,0.1240234375,1.7890625,0.8828125,0.80078125,0.048095703125,1.5078125,1.3203125,0.259765625,0.28515625,2.671875,-0.00518798828125,0.86328125,0.0125732421875,0.123046875,0.314453125,0.671875,0.5546875,0.2138671875,0.8359375,0.02978515625,2.015625,-0.000675201416015625,0.00183868408203125,2.90625,0.004852294921875,0.44140625,-1.5139579772949219e-05,0.01043701171875,1.140625,0.3203125,0.76171875,-0.002288818359375,0.08203125,0.03466796875,-0.1494140625,0.2333984375,0.39453125,0.130859375,1.09375,1.171875,0.007232666015625,-0.859375,2.671875,2.0742416381835938e-05,0.035888671875,2.265625,0.390625,1.5234375,0.047607421875
./data/emilia_xyz/worker_3_EN_B00000_S01293_W000151.wav," That actually shows you how to start or grow a business, whether that's in the form of online courses or whether that's in the form of a podcast or a video. So if you watch our content or read our content or do one of our courses, it will really solve that problem taught by people that have actually done it. There's so much rubbish out there right now where so many people are an expert or quote unquote guru.",24.747,EN_B00000_S01293,en,0.91796875,1.3046875,0.9375,0.0034637451171875,-0.003265380859375,1.0546875,0.2333984375,0.5625,-0.0087890625,0.005828857421875,-0.00958251953125,1.75,1.4453125,0.51953125,0.08984375,0.27734375,0.0185546875,1.1796875,0.01220703125,-0.01513671875,-0.040771484375,2.9802322387695312e-05,0.007354736328125,0.07666015625,0.8046875,0.056396484375,1.7734375,-0.00061798095703125,1.421875,0.6328125,1.8203125,-0.146484375,-9.953975677490234e-06,-0.0005645751953125,2.193450927734375e-05,0.0172119140625,0.8515625,1.1328125,-0.0038299560546875,2.28125,-0.0037841796875,-0.052978515625,0.01092529296875,1.0,0.63671875,0.004791259765625,1.03125,-0.0062255859375,2.140625,0.8046875,0.26953125,1.84375,0.00201416015625,6.020069122314453e-06,0.08544921875
./data/emilia_xyz/worker_3_EN_B00000_S01373_W000023.wav, are the primary and determining factor to your own success.,30.0,EN_B00000_S01373,en,2.109375,2.234375,-0.0040283203125,0.006317138671875,0.53125,-0.01251220703125,0.031494140625,0.96875,0.57421875,0.0262451171875,-0.01068115234375,1.84375,0.84375,0.76953125,0.392578125,2.65625,0.0218505859375,0.2294921875,0.66796875,-0.01104736328125,0.0189208984375,3.0994415283203125e-05,0.11767578125,0.0703125,0.81640625,0.04638671875,3.640625,-0.000682830810546875,0.7734375,3.109375,0.04345703125,0.81640625,-4.380941390991211e-06,1.46875,0.048095703125,0.005706787109375,-0.00726318359375,-0.003143310546875,-0.002777099609375,0.0242919921875,0.004425048828125,-0.03173828125,0.0093994140625,0.5546875,1.0546875,1.140625,0.00732421875,-1.0546875,3.203125,2.0742416381835938e-05,0.0140380859375,1.9921875,0.04638671875,2.203125,0.08642578125
./data/emilia_xyz/worker_3_EN_B00000_S00903_W000030.wav," Ah, Papa Leo. Hey Barry. When is the event with Christmas on Jetpack Joyride? I believe it's live right now, Papa. There's some totally awesome Christmas comment, uh, content available. It'll certainly be way better than any other Christmas content that I've mentioned in the show so far. So just open up the game. The Christmas event, guys, should be in full swing. Depending, obviously, on when you're watching this.",25.086,EN_B00000_S00903,en,0.85546875,1.28125,1.0859375,0.0026702880859375,-0.002349853515625,1.40625,0.294921875,0.4453125,0.005126953125,0.01416015625,-0.01226806640625,1.8515625,1.40625,0.435546875,0.0888671875,0.248046875,0.0234375,1.203125,0.012451171875,-0.0220947265625,-0.031982421875,3.504753112792969e-05,0.007598876953125,0.0693359375,0.7265625,0.052001953125,1.8125,-0.0006256103515625,1.4921875,0.73046875,1.8359375,-0.12060546875,-9.894371032714844e-06,-0.00069427490234375,2.3484230041503906e-05,0.01953125,1.109375,1.1328125,-0.0037689208984375,2.203125,-0.0181884765625,-0.044677734375,0.0103759765625,1.0703125,0.58984375,0.0047607421875,1.1171875,-0.031982421875,2.15625,0.859375,0.32421875,1.8125,0.0250244140625,6.020069122314453e-06,0.10595703125
./data/emilia_xyz/worker_3_EN_B00000_S00433_W000095.wav," Yeah. Yeah. Just back on vulnerability of thinking, um, there's the version of you that you want others to think you are. And there's the version of you where you are right now. And vulnerability in my eyes is one way of looking at it could be, um,",21.923,EN_B00000_S00433,en,1.9140625,1.9453125,-0.003326416015625,0.004180908203125,0.0220947265625,-0.00860595703125,-0.04443359375,2.640625,-0.01373291015625,-0.0038909912109375,-0.005615234375,1.0859375,1.1640625,0.451171875,0.5859375,2.4375,-0.0228271484375,0.66015625,0.0390625,-0.0196533203125,-0.041015625,1.633167266845703e-05,0.007354736328125,0.0830078125,0.69921875,0.035888671875,2.875,-0.000698089599609375,0.00183868408203125,3.09375,0.0005645751953125,0.443359375,-1.0728836059570312e-05,0.7265625,2.3245811462402344e-05,0.0213623046875,0.60546875,0.00139617919921875,-0.0034332275390625,0.0654296875,0.0026702880859375,0.53125,0.011474609375,-1.1086463928222656e-05,0.921875,0.69921875,0.09765625,-0.8671875,2.8125,2.0742416381835938e-05,0.0439453125,2.0,-8.106231689453125e-05,1.9453125,0.07666015625
./data/emilia_xyz/worker_3_EN_B00000_S00153_W000005.wav," Well, uhm, you've got a little bit involved in the Clinton campaign here. This is what, there's a little bit of a controversy online about this because Hillary Clinton, uh, released this, this tweet. She said, uh, enter to win, meet, push a T, register to vote, and you're automatically entered to win. Right? Right.",21.325,EN_B00000_S00153,en,0.8359375,1.2578125,0.8515625,0.00323486328125,-0.00299072265625,1.234375,0.3125,0.34375,-0.0101318359375,0.0096435546875,-0.01116943359375,1.625,1.3203125,0.3828125,0.09765625,0.443359375,0.00909423828125,1.09375,0.2236328125,0.0869140625,-0.049560546875,3.266334533691406e-05,0.00732421875,0.0771484375,0.75390625,0.1220703125,1.84375,-0.00061798095703125,1.5,0.67578125,2.0625,-0.1005859375,-9.119510650634766e-06,-0.0004825592041015625,2.2172927856445312e-05,0.01806640625,1.046875,1.265625,-0.003936767578125,2.15625,-0.01177978515625,0.005889892578125,0.01025390625,0.97265625,0.64453125,0.004974365234375,1.1171875,-0.0654296875,2.0625,0.6484375,0.125,1.828125,0.0015411376953125,6.020069122314453e-06,0.2060546875
./data/emilia_xyz/worker_3_EN_B00000_S00013_W000113.wav," Uhm, and the ITC was supposed to rule first on these things, but then delayed its ruling until after the Patent and Trademark Office, uh, or Patent and Trademark Appeals Board came out and said, all of these patents are invalid. We never should have granted them in the first place. The patents are terrible. Like, get rid of them. And the ITC, which, you know,",20.188,EN_B00000_S00013,en,0.921875,1.2578125,0.63671875,0.0035858154296875,-0.0034332275390625,1.203125,0.294921875,0.06494140625,-0.00506591796875,0.0031280517578125,-0.01214599609375,1.625,1.140625,0.40234375,0.10546875,0.455078125,0.004852294921875,1.09375,0.1669921875,-0.0255126953125,-0.0478515625,3.147125244140625e-05,0.00726318359375,0.08447265625,0.77734375,0.26171875,1.796875,-0.000640869140625,1.5234375,0.6953125,1.859375,-0.08984375,-8.881092071533203e-06,-4.029273986816406e-05,0.0002574920654296875,0.0186767578125,0.859375,1.34375,-0.00396728515625,1.953125,-0.018798828125,0.054931640625,0.01080322265625,0.65625,0.546875,0.00537109375,1.0625,-0.0654296875,1.953125,0.58984375,0.12158203125,1.7109375,0.001983642578125,6.020069122314453e-06,0.333984375
./data/emilia_xyz/worker_3_EN_B00000_S00593_W000013.wav," Okay, everything seems green, green, green. Green. This is a lot more stressful than I imagined it would be. Oh! High nuclear waste dripping from the ceiling. Okay, but I think I have a better handle on this. So hopefully you guys didn't see me panicking like a stupid idiot, and now I've actually got a better grasp on it. Okay, so this... Increase the coolant just a little bit in both of those. More coolant, please. And then...",23.841,EN_B00000_S00593,en,1.5546875,1.984375,-0.00341796875,0.70703125,1.265625,-0.01409912109375,0.10400390625,0.85546875,-0.0031585693359375,-0.004302978515625,0.330078125,2.359375,1.203125,0.5234375,1.015625,2.65625,0.032958984375,0.83984375,1.5390625,-0.033447265625,0.59375,2.0503997802734375e-05,0.00543212890625,0.1240234375,1.0078125,0.5078125,2.921875,1.5625,0.0439453125,3.03125,-0.000782012939453125,0.83984375,0.369140625,1.4765625,1.2734375,0.0029296875,-0.00921630859375,0.96875,-0.0004024505615234375,0.1298828125,1.4375,0.94921875,0.0252685546875,-1.1399388313293457e-06,1.921875,0.859375,0.087890625,-0.8203125,3.125,2.0742416381835938e-05,0.01025390625,2.75,0.00066375732421875,0.8203125,0.0693359375
./data/emilia_xyz/worker_3_EN_B00000_S01033_W000022.wav," That he sent me ever 2016, I think. And so what did it say? What did the email say? So he was just saying that he was a fan. Yeah. Yeah. Fan of what at that time? Exactly. Just, uh, just everything. Yeah. Uh, no, he'd listened to my interview with Ryan Shelton on Josh speaking, but anyway, I clicked on the resume and on the resume, it had references.",25.788,EN_B00000_S01033,en,0.859375,1.2890625,0.76953125,0.003082275390625,-0.0026702880859375,1.1796875,0.26171875,0.07421875,-0.00384521484375,-0.00072479248046875,-0.0108642578125,1.71875,1.34375,0.322265625,0.0859375,0.361328125,0.0079345703125,1.0390625,0.0123291015625,0.0311279296875,-0.045654296875,2.9325485229492188e-05,0.00762939453125,0.08154296875,0.8125,0.26953125,1.8828125,-0.000606536865234375,1.5546875,0.71484375,1.875,-0.1171875,-8.761882781982422e-06,-0.000553131103515625,2.205371856689453e-05,0.01495361328125,0.8515625,1.1875,-0.0038604736328125,2.265625,-0.01300048828125,0.057373046875,0.010009765625,0.80078125,0.68359375,0.00506591796875,1.171875,-0.01531982421875,2.140625,0.369140625,0.2275390625,1.8203125,0.0020904541015625,6.020069122314453e-06,0.2890625
./data/emilia_xyz/worker_3_EN_B00000_S00503_W000007.wav," And a car, a car on the highway did stop and he gave me a huge bottle of cold red Powerade, this angel of a man, and I did take it back to my dad. And about an hour after that, as we saw the helicopters circling the area where we were, my father looks at me and says, all I told you to do was go and get some water.",21.104,EN_B00000_S00503,en,0.75,1.28125,0.8828125,0.0030670166015625,-0.0019989013671875,1.1875,0.2412109375,0.66796875,-0.01904296875,0.625,-0.00677490234375,1.890625,1.3515625,0.5625,0.09326171875,0.703125,0.006805419921875,0.94921875,0.419921875,0.004852294921875,-0.031982421875,0.9765625,0.00775146484375,0.05615234375,0.90625,0.0478515625,1.828125,-0.000675201416015625,1.6171875,0.9609375,0.98828125,-0.07421875,-4.857778549194336e-06,0.00092315673828125,2.3245811462402344e-05,0.0198974609375,1.3828125,1.34375,-0.0038909912109375,2.078125,-0.6015625,-0.0024871826171875,0.01422119140625,1.4609375,0.5546875,0.004669189453125,1.265625,-0.1611328125,2.234375,1.03125,0.1689453125,1.90625,0.002105712890625,6.020069122314453e-06,0.0927734375
./data/emilia_xyz/worker_3_EN_B00000_S00653_W000047.wav," This is a really good view of uhm, you know, looking at it like an enterprise application, right? Where you can land on it and have really no idea about where you would go look for a bug. And reading these write-ups and having Peter break them down to you is really useful for you as a new person to understand kind of where they took place and how the hacker approached that giant website basically.",20.316,EN_B00000_S00653,en,1.15625,1.703125,1.4453125,0.0022735595703125,-0.0009918212890625,1.53125,0.412109375,0.79296875,-0.0028839111328125,-0.0037689208984375,0.003021240234375,1.578125,1.40625,0.65234375,0.30859375,1.2109375,0.01495361328125,1.109375,1.078125,0.193359375,-0.03466796875,2.300739288330078e-05,0.009765625,0.049560546875,1.1875,0.53515625,2.46875,-0.00063323974609375,2.015625,1.4296875,1.90625,0.15234375,0.1796875,0.474609375,0.9609375,0.01275634765625,2.203125,1.734375,-0.0029449462890625,2.40625,0.2314453125,0.10205078125,-0.00177764892578125,1.5078125,0.84375,0.0036468505859375,1.3515625,-0.140625,2.515625,2.0742416381835938e-05,0.1494140625,2.125,-8.106231689453125e-05,6.020069122314453e-06,0.12060546875
./data/emilia_xyz/worker_3_EN_B00000_S00653_W000118.wav," And so, you know, I kept on, we'd go, I'd go to his house after work and talk about, you know, kind of the stuff I was doing hacking into these networks and stuff. And he was amazed because there was a big Delta between what they were learning in college and doing for CTS, which is mostly binary exploitation and what I was doing in the real world, which was network penetration testing. And so they, he didn't really know any of this stuff, but then.",21.532,EN_B00000_S00653,en,1.7578125,1.90625,-0.006744384765625,0.7265625,0.267578125,0.296875,-0.046142578125,1.140625,0.0030059814453125,-0.004730224609375,-0.00119781494140625,2.140625,1.0234375,0.38671875,0.81640625,2.734375,-0.010986328125,0.73828125,0.9453125,0.0196533203125,0.0103759765625,5.453824996948242e-06,0.006805419921875,0.08349609375,0.8125,0.043212890625,2.90625,0.61328125,0.9921875,3.03125,-0.00148773193359375,0.43359375,0.35546875,1.59375,2.4437904357910156e-05,0.0091552734375,0.04833984375,0.62890625,-0.0004024505615234375,0.04541015625,0.97265625,-0.07470703125,0.018798828125,-3.1888484954833984e-06,1.1875,0.00531005859375,0.007415771484375,-0.86328125,2.84375,2.0742416381835938e-05,0.0233154296875,2.46875,-0.0002841949462890625,1.7578125,0.08251953125
./data/emilia_xyz/worker_3_EN_B00000_S00203_W000015.wav," And I thought, what, did they get a new writer who doesn't know what we've been doing? This isn't, and I called my acting coach and I said, you know, how am I going to play this? This is terrible. I have to go, they have to change this. This isn't right. It doesn't work. It doesn't make sense with what I had to do yesterday. And he said, Gloria, here's the advice. Play the scene you're given. You are not in charge of the whole production.",24.024,EN_B00000_S00203,en,1.140625,2.046875,-0.0005950927734375,0.76171875,1.0546875,0.04052734375,-0.033203125,0.734375,2.046875,0.369140625,0.6171875,2.546875,1.546875,0.310546875,0.376953125,2.65625,-0.01312255859375,1.015625,0.76171875,-0.0167236328125,0.251953125,1.453125,0.0196533203125,0.0859375,0.84765625,0.0252685546875,2.6875,-0.00067138671875,1.390625,3.4375,0.000530242919921875,0.578125,-7.152557373046875e-06,1.6015625,0.0020751953125,0.11865234375,-0.033935546875,0.60546875,0.82421875,0.0634765625,-0.057861328125,0.039794921875,0.00885009765625,-1.430511474609375e-05,1.15625,0.80078125,0.00726318359375,1.453125,3.078125,2.0742416381835938e-05,0.025634765625,2.609375,1.1015625,1.328125,0.625
./data/emilia_xyz/worker_3_EN_B00000_S00023_W000353.wav," Fighter pilots. Uhm, it's like don't, you know, don't sit there and deliberate about what's the right thing to do. You know, you have this knowledge that's internalized in you. Use this cycle. You, you know, you orient, you observe, you decide on what you're going to do, and then you do the thing that you've decided to do. And that's sort of what's happening here.",21.715,EN_B00000_S00023,en,1.921875,1.9453125,-0.00506591796875,0.0029144287109375,0.53515625,-0.01361083984375,-0.022216796875,1.390625,0.255859375,-0.001373291015625,0.171875,1.734375,1.171875,0.625,0.150390625,2.40625,-0.017822265625,0.150390625,0.01251220703125,-0.029541015625,0.036865234375,2.968311309814453e-05,0.00146484375,0.09521484375,0.78125,0.0296630859375,2.765625,-0.00072479248046875,0.0001087188720703125,3.15625,0.015380859375,0.59375,0.2451171875,1.046875,2.47955322265625e-05,0.1923828125,-0.0262451171875,-0.0022735595703125,0.0235595703125,0.05126953125,0.1298828125,-0.06298828125,0.046875,-7.748603820800781e-06,0.953125,0.3125,0.00726318359375,-0.291015625,2.75,2.0742416381835938e-05,0.023193359375,2.234375,1.109375,1.8984375,0.080078125
./data/emilia_xyz/worker_3_EN_B00000_S00553_W000045.wav, Handshake. Let's delete that. So that's gone now. CD. Run Wi-Fi'd again. A good option to use is kill. So pseudo Wi-Fi'd kill to kill any conflicting processes. Interfaces and monitor mode again. Control C. I'll select the free Wi-Fi network. PMK ID attack. I'm gonna stop that. Say C to continue. It's looking for a handshake.,22.524,EN_B00000_S00553,en,2.515625,2.140625,-0.0020599365234375,0.005889892578125,0.2451171875,-0.01434326171875,-0.0213623046875,0.8046875,0.81640625,-0.003875732421875,-0.00946044921875,2.015625,0.8203125,0.080078125,0.1728515625,2.5625,-0.00244140625,0.76171875,0.01226806640625,-0.04296875,0.05029296875,0.76953125,0.005889892578125,0.08349609375,4.982948303222656e-05,0.0106201171875,2.65625,-0.00078582763671875,0.25390625,3.03125,-0.007232666015625,0.5546875,-1.043081283569336e-05,0.498046875,2.5987625122070312e-05,0.07861328125,-0.0198974609375,-0.002288818359375,-0.0004024505615234375,0.047607421875,-0.2021484375,-0.05859375,0.0220947265625,-1.4543533325195312e-05,0.8203125,0.7890625,0.0072021484375,-1.4375,2.921875,2.0742416381835938e-05,0.01019287109375,1.9140625,0.306640625,2.359375,0.06982421875
./data/emilia_xyz/worker_3_EN_B00000_S00163_W000027.wav, I was having a good fucking time. I was having a great time playing the game and then you throw that bullshit at me. I am fucking done. You guys don't get it. It's infuriating. What's the number one thing I hate? Bad controls. I fucking hate that. Good God.,20.089,EN_B00000_S00163,en,0.94140625,1.359375,0.734375,0.0030670166015625,-0.0028839111328125,1.21875,0.296875,0.1845703125,-0.0038909912109375,0.00168609619140625,-0.0130615234375,1.7578125,1.34375,0.51171875,0.08056640625,0.71875,0.01336669921875,1.140625,0.080078125,0.019287109375,-0.0478515625,2.872943878173828e-05,0.007171630859375,0.09033203125,0.81640625,0.34765625,1.8203125,-0.000583648681640625,1.4921875,0.71484375,1.5234375,-0.12353515625,-9.119510650634766e-06,0.006927490234375,0.115234375,0.0164794921875,0.62109375,1.3046875,-0.0030517578125,2.203125,-0.027099609375,0.099609375,0.0103759765625,0.515625,0.6015625,0.005096435546875,0.81640625,-0.1318359375,2.03125,0.291015625,0.103515625,1.859375,0.002105712890625,6.020069122314453e-06,0.625
./data/emilia_xyz/worker_3_EN_B00000_S00453_W000012.wav," There's something about the cheddar popcorn that whenever I'm eating it, I connect it right to the factory. There's something that's so like, uh, bright about it and sort of filled with flavor that when I eat it, I imagine like someone with a lab coat and then like processing it all and putting it on. It's so delicious.",20.0,EN_B00000_S00453,en,1.78125,1.734375,-0.004425048828125,0.0015716552734375,0.5859375,-0.00188446044921875,0.8515625,1.0703125,0.271484375,-0.004241943359375,0.640625,2.03125,1.359375,0.3046875,0.63671875,2.53125,-0.006378173828125,0.91015625,1.578125,0.00122833251953125,0.25390625,1.823902130126953e-05,0.6875,0.12255859375,1.0546875,0.177734375,3.078125,-0.0007171630859375,0.9609375,2.953125,-0.00070953369140625,0.494140625,-9.357929229736328e-06,1.28125,2.5033950805664062e-05,0.0263671875,0.0191650390625,1.03125,0.08203125,0.0439453125,1.4375,-0.033935546875,0.01080322265625,2.9206275939941406e-06,1.1875,0.0068359375,0.007293701171875,-0.59375,2.90625,2.0742416381835938e-05,0.0269775390625,2.390625,-0.002471923828125,1.40625,0.0380859375
./data/emilia_xyz/worker_3_EN_B00000_S00273_W000011.wav," What kind of accessibility options you might need in a game like this? Well, a lot, apparently. You can change it to high contrast mode, change the typeface, have it read chat out loud, it'll also transcribe voice chat, and you can have it speak for you as well in voice chat. You can change the voice profile, remount the screen flashes, or you can forget all of this and turn it all off. Multiplayer also has quite a few nice options. Now obviously you can split the screen up to four players, but one of my pairs of joycons just didn't want to work, ran out of batteries. So there's three of us playing here, but if you're playing online,",29.66,EN_B00000_S00273,en,1.703125,2.1875,-0.007049560546875,0.004638671875,0.7421875,-0.01495361328125,0.1123046875,0.63671875,1.34375,-0.004150390625,1.15625,2.5,1.171875,0.85546875,0.8359375,2.53125,0.0908203125,0.84375,0.95703125,-0.0220947265625,0.041015625,0.73046875,0.006317138671875,0.7109375,0.86328125,0.5078125,3.15625,1.375,0.609375,3.078125,0.040771484375,0.953125,-1.7955899238586426e-06,2.53125,1.0625,0.0380859375,-0.034423828125,0.703125,-0.0004024505615234375,0.7421875,1.0859375,-0.04541015625,0.004547119140625,-8.702278137207031e-06,1.3984375,0.3125,0.2236328125,-0.8671875,3.0,2.0742416381835938e-05,0.0064697265625,2.546875,0.0242919921875,1.640625,0.043212890625
./data/emilia_xyz/worker_3_EN_B00000_S00343_W000008.wav," Yeah, I do Hey. I always love a Hey. And that's why the guy, uhm, from Basecamp, they created Hey.com, a new mail server, a mail service. Hey, it's because he started with all his emails with Hey. That is a go-to. What do you do? Hi? Hey? George, what do you, what do you rock?",20.917,EN_B00000_S00343,en,1.375,1.8671875,-0.0037994384765625,0.00628662109375,-0.00045013427734375,-0.017822265625,-0.0322265625,0.044921875,0.0216064453125,-0.004669189453125,-0.006927490234375,2.03125,1.265625,0.2294921875,0.86328125,2.4375,-0.007537841796875,0.85546875,1.2890625,-0.025390625,0.0712890625,-3.7439167499542236e-07,0.006072998046875,0.1025390625,0.83984375,0.0294189453125,2.71875,1.3046875,0.001922607421875,2.46875,-3.8623809814453125e-05,0.50390625,-1.0788440704345703e-05,1.421875,1.0078125,0.00689697265625,-0.01806640625,0.609375,-0.0015869140625,0.0712890625,1.015625,0.8984375,0.018310546875,3.1739473342895508e-06,1.640625,0.00616455078125,0.46875,-0.8046875,2.90625,2.0742416381835938e-05,0.0181884765625,2.328125,-0.000843048095703125,0.75390625,0.076171875
./data/emilia_xyz/worker_3_EN_B00000_S00123_W000004.wav," CD Projekt Red seemed to be on a bit of a comeback arc, and although the Nintendo Switch version obviously doesn't include things like ray tracing, we get a ton of the DLC, including the Netflix DLC, which has lots of costumes that you can choose from the gameplay menu. So an alternative one for Dandelion, there's an alternative Nilfgaardian armor, and a couple of others that you can see here.",20.449,EN_B00000_S00123,en,2.375,2.1875,-0.005859375,0.006561279296875,-0.0032501220703125,-0.01220703125,-0.046142578125,0.59375,0.0036773681640625,-0.004669189453125,-0.01495361328125,2.046875,0.890625,0.2158203125,0.671875,2.5,-0.00055694580078125,0.66796875,0.87890625,-0.04345703125,0.0185546875,4.738569259643555e-06,0.007293701171875,0.0732421875,0.75,0.00640869140625,3.21875,0.0247802734375,0.6640625,3.078125,0.0003986358642578125,0.357421875,-1.0669231414794922e-05,1.6328125,0.2197265625,0.01470947265625,-0.0052490234375,0.000293731689453125,-0.0033721923828125,0.0458984375,0.67578125,0.00118255615234375,0.014404296875,8.165836334228516e-06,0.9375,0.0069580078125,0.0072021484375,-0.7890625,2.640625,2.0742416381835938e-05,0.013427734375,1.984375,-0.0002994537353515625,1.7421875,0.04296875
./data/emilia_xyz/worker_3_EN_B00000_S00903_W000005.wav," Don't know who that is. Don't worry about him. Get him out of here. But let's check out the bear. He's totally wearing a suit of armour. Because bears are nowhere near tough enough already. Uh, so lots of great stuff to get amongst here guys. And most exciting of all is me! Barry as an elf. That's pretty kick-ass. I reckon I always fancy myself for a part in Lord of the Rings. And now we know I would've looked awesome. So...",25.059,EN_B00000_S00903,en,0.875,1.4375,0.76953125,0.003204345703125,0.005401611328125,0.8515625,0.255859375,0.45703125,-0.00069427490234375,0.0005340576171875,-0.013427734375,1.796875,1.265625,0.5703125,0.052734375,0.75,0.0145263671875,1.234375,0.01214599609375,-0.036376953125,-0.043701171875,2.7298927307128906e-05,0.00799560546875,0.076171875,0.76953125,0.30859375,1.6796875,-0.00063323974609375,1.1171875,0.62109375,1.8984375,-0.1689453125,-1.0132789611816406e-05,0.00067138671875,2.2172927856445312e-05,0.01556396484375,0.67578125,1.1796875,-0.003875732421875,1.65625,0.004119873046875,0.11572265625,0.0098876953125,0.625,0.3515625,0.005218505859375,1.03125,-0.07421875,1.96875,0.47265625,0.326171875,1.859375,0.0019073486328125,6.020069122314453e-06,0.423828125
./data/emilia_xyz/worker_3_EN_B00000_S01283_W000059.wav," Well, if you're looking at, uh, a donut usually doesn't have it sort of seeping out. I mean, a profiterole, what I'm looking at right now when I search it is what I had yesterday. But what you had yesterday is not what this looks like. So a profiterole is closer to a jam donut than a chocolate plant.",22.585,EN_B00000_S01283,en,0.83984375,1.28125,1.0234375,0.0034027099609375,-0.0034637451171875,1.2890625,0.25390625,0.60546875,-0.01519775390625,-0.0037384033203125,-0.00946044921875,1.5546875,1.3046875,0.5625,0.1337890625,0.3203125,0.01104736328125,1.21875,0.0654296875,-0.025146484375,-0.041015625,2.9206275939941406e-05,0.007110595703125,0.0654296875,0.84375,0.054443359375,1.90625,-0.0006103515625,1.4921875,0.58203125,2.046875,-0.1142578125,-8.106231689453125e-06,-0.0004558563232421875,2.193450927734375e-05,0.017822265625,1.0546875,1.3125,-0.0038299560546875,2.359375,-0.00640869140625,-0.05615234375,0.0093994140625,0.87109375,0.62890625,0.004730224609375,1.1328125,-0.0062255859375,2.140625,0.1728515625,0.17578125,1.8203125,-0.00102996826171875,6.020069122314453e-06,0.054443359375
./data/emilia_xyz/worker_3_EN_B00000_S00023_W000333.wav," Um, oh, if I click on footnotes, they work. That's what messed me up. All right. Um, having this knowledge of the opponent by his color. When we talk about color, we're talking about like, you know, is somebody phlegmatic, choleric? That's the thing we're talking about. And their physio- and their build, their actions, their movements, and the complexions also goes right back to choleric, phlegmatic. Uh, and which ones they have the most of.",26.411,EN_B00000_S00023,en,1.6640625,1.765625,-0.0030517578125,0.006134033203125,0.71875,-0.01336669921875,-0.0093994140625,1.078125,0.0291748046875,-0.004638671875,-0.01422119140625,1.625,1.0546875,0.57421875,0.4296875,2.59375,-0.025390625,0.490234375,0.65234375,-0.048583984375,0.2021484375,1.952052116394043e-06,0.00677490234375,0.08154296875,0.671875,0.028076171875,2.515625,0.68359375,0.55078125,3.296875,0.005706787109375,0.61328125,-2.8312206268310547e-06,1.09375,2.3365020751953125e-05,0.000576019287109375,-0.002777099609375,0.004119873046875,-0.00130462646484375,0.02978515625,0.56640625,0.369140625,0.01055908203125,4.5262277126312256e-07,0.91796875,0.486328125,0.00726318359375,-0.16796875,2.859375,2.0742416381835938e-05,0.01312255859375,1.984375,-0.0003833770751953125,1.9921875,0.0693359375
./data/emilia_xyz/worker_3_EN_B00000_S00143_W000058.wav," No, no, but I think there are, like, you look at, like, uh, people like Olya or whatever, it's just like, ah, I guess like when it happens, you're in sort of good, not good spirits, but you're just like, what else have I got? But like, I guess you do that. Like once you're in that position, it's like you sort of, there's a certain forced stoicism to be put on you, if that makes sense.",22.275,EN_B00000_S00143,en,0.75,1.2578125,0.8515625,0.0037689208984375,0.007415771484375,0.84765625,0.1748046875,0.0927734375,-0.00408935546875,0.007476806640625,-0.01171875,1.875,1.2578125,0.484375,0.0849609375,0.181640625,0.0098876953125,1.171875,0.01226806640625,-0.0279541015625,-0.04638671875,3.314018249511719e-05,0.00762939453125,0.08837890625,0.7578125,0.2890625,1.6953125,-0.0006256103515625,1.484375,0.69921875,1.2734375,-0.062255859375,-9.238719940185547e-06,-0.0005340576171875,2.276897430419922e-05,0.015869140625,0.73046875,1.078125,-0.0038909912109375,1.953125,-0.0279541015625,0.1328125,0.0108642578125,0.96875,0.640625,0.005523681640625,0.859375,-0.12060546875,1.953125,0.8984375,0.302734375,1.7421875,0.016357421875,6.020069122314453e-06,0.671875
./data/emilia_xyz/worker_3_EN_B00000_S00743_W000013.wav," There's a few niggles there in the gameplay section that I think will remain even after a patch. But there's a sense here, there's almost a freedom feeling to it that my meagre mind simply struggles to put into words. Thanks to all of you, and let me know down what you think. And as always, a big thanks to our Patreons and members. And for all things Switch, all the time, keep it Switch up. Cheers guys, see ya!",21.54,EN_B00000_S00743,en,0.84375,1.3984375,0.65625,0.004150390625,0.01226806640625,0.298828125,0.294921875,0.6015625,-0.0021209716796875,0.01226806640625,-0.0108642578125,1.71875,1.46875,0.51171875,0.0281982421875,1.1640625,0.0029296875,1.0625,0.0123291015625,0.10546875,-0.03515625,3.170967102050781e-05,0.00811767578125,0.0693359375,0.75390625,0.05029296875,1.671875,-0.000659942626953125,1.1015625,0.53125,1.8203125,-0.1630859375,-9.238719940185547e-06,-0.000522613525390625,2.2172927856445312e-05,0.0172119140625,0.8515625,1.1015625,-0.0038299560546875,1.9453125,-0.052978515625,-0.034423828125,0.01495361328125,0.90234375,0.53515625,0.00482177734375,1.171875,-0.173828125,2.015625,0.76953125,0.0712890625,1.9921875,0.1904296875,6.020069122314453e-06,0.4140625
./data/emilia_xyz/worker_3_EN_B00000_S01023_W000023.wav," Well, oh mate, that, that, that's gone. Covid, that's gone. We were talking about that recently, uh, the start of Covid, what's done after Covid. Mate, fingering hunt, fingering assault. Like just putting, yeah mate, you're never fingering anyone again, unless you're getting tested before.",22.105,EN_B00000_S01023,en,0.91796875,2.03125,-0.0017547607421875,1.1796875,1.359375,-0.005401611328125,0.369140625,0.8359375,0.94140625,0.02001953125,0.1513671875,2.21875,1.953125,0.58984375,0.76953125,2.296875,-0.00848388671875,0.859375,0.5390625,-0.03515625,0.038330078125,0.984375,0.06298828125,0.072265625,5.936622619628906e-05,0.00946044921875,1.8046875,1.9609375,0.00182342529296875,2.890625,0.0020751953125,0.59375,-9.298324584960938e-06,0.56640625,1.2734375,0.1298828125,0.1435546875,0.8125,1.234375,0.0023193359375,-0.275390625,1.0625,0.015625,-1.1563301086425781e-05,1.6484375,0.6640625,0.007232666015625,-0.87109375,2.671875,2.0742416381835938e-05,0.0179443359375,2.40625,0.3984375,0.64453125,0.0693359375
./data/emilia_xyz/worker_3_EN_B00000_S00023_W000579.wav," Are the true presets and the fundamentals, the first principles that compose it, which can never be altered according to Aristotle, because that's the definition of a first principle. A first principle is a factual thing that will never ever change. Uh, if you want like a nice modern example, you can think of the gravitational constant of the universe. It, it doesn't change. Um, uh, so.",22.835,EN_B00000_S00023,en,2.53125,2.140625,-0.00372314453125,0.004425048828125,-0.003265380859375,-0.01263427734375,-0.005615234375,1.96875,0.053466796875,-0.00494384765625,0.07958984375,1.2421875,0.7109375,0.2099609375,0.083984375,2.609375,-0.01007080078125,0.0025482177734375,0.01226806640625,-0.0145263671875,-0.036865234375,2.09808349609375e-05,0.006683349609375,0.06396484375,0.6640625,0.00836181640625,3.0,-0.00067901611328125,0.10791015625,3.25,0.0157470703125,0.419921875,-7.033348083496094e-06,0.68359375,2.467632293701172e-05,0.020263671875,0.0024261474609375,-0.00201416015625,-0.00147247314453125,0.042724609375,0.004913330078125,-0.0634765625,0.0177001953125,1.2576580047607422e-05,0.9296875,1.0703125,0.0072021484375,-0.98046875,2.890625,2.0742416381835938e-05,-0.005828857421875,1.7890625,-0.0002346038818359375,2.578125,0.0380859375
./data/emilia_xyz/worker_3_EN_B00000_S01273_W000085.wav," Do that at the end, I do it at the end of every week. I just give myself a score on the scale of 1 to 10. How alignment was I with my rules? You also want to define what it would look like to live in alignment with these rules. Don't just have vague rules. I mean they can, they don't have to be super specific. They don't have to be super wordy either. But you must know, you must know",21.477,EN_B00000_S01273,en,0.92578125,1.3203125,0.80859375,0.003448486328125,-0.00262451171875,1.15625,0.27734375,0.57421875,-0.004547119140625,-0.00133514404296875,-0.0091552734375,1.6171875,1.3671875,0.490234375,0.1123046875,0.50390625,0.0098876953125,1.0078125,0.154296875,0.054443359375,-0.04443359375,3.170967102050781e-05,0.00750732421875,0.07666015625,0.8359375,0.27734375,1.90625,-0.0006256103515625,1.6171875,0.66015625,1.8203125,-0.11962890625,-7.927417755126953e-06,-0.000499725341796875,0.09716796875,0.0169677734375,1.125,1.2734375,-0.00384521484375,2.4375,-0.015869140625,0.0218505859375,0.0101318359375,0.8828125,0.66015625,0.00537109375,1.28125,-0.0062255859375,2.125,0.4453125,0.05126953125,1.8515625,-7.772445678710938e-05,6.020069122314453e-06,0.10009765625
./data/emilia_xyz/worker_3_EN_B00000_S01433_W000026.wav, The controls are fine and in fact overall combat feels really good but the farming in general is a little clunky and I didn't even mention picking up items when your backpacks fall and then dropping them puts them in a spot where you'll instantly pick them back up rather than the item you want. Ay caramba. Control score 14 out of 20. Visually Square have done a good job with Harvestella.,21.372,EN_B00000_S01433,en,2.078125,2.390625,0.0015106201171875,0.005828857421875,0.05908203125,0.2431640625,-0.046142578125,0.80078125,0.39453125,-0.004058837890625,0.1806640625,1.8046875,0.9453125,0.4609375,0.38671875,2.625,-0.0189208984375,1.0,0.038818359375,-0.02392578125,-0.016357421875,0.03369140625,0.000324249267578125,0.07568359375,0.8671875,0.232421875,2.71875,-0.00028228759765625,0.458984375,3.15625,0.57421875,0.2080078125,-1.2040138244628906e-05,1.078125,0.1162109375,0.06591796875,0.0308837890625,0.00191497802734375,0.001251220703125,0.0478515625,0.00469970703125,-0.056884765625,0.015625,-1.6570091247558594e-05,0.9453125,0.0067138671875,0.00726318359375,-0.95703125,2.875,2.0742416381835938e-05,0.0013427734375,2.328125,0.6796875,1.640625,0.03515625
./data/emilia_xyz/worker_3_EN_B00000_S00653_W000088.wav," Not, you know, in the previous book, it's very GraphQL focused, all GraphQL focused. This one is all API structure focused. So it could be a REST API, you know, that gets defined by Swaggerfile or something like that. It could be even an XML based API, which is kind of dying nowadays. Not a lot of people do that, but Cori goes over everything. Uhm, and this is absolutely one that people should subscribe to.",21.948,EN_B00000_S00653,en,2.171875,2.09375,-0.003753662109375,0.041015625,0.034423828125,-0.0048828125,-0.03369140625,1.4140625,0.404296875,-0.0040283203125,-0.0107421875,2.078125,0.9921875,0.494140625,0.427734375,2.625,-0.0191650390625,0.78125,0.011962890625,-0.0302734375,-0.01043701171875,2.5391578674316406e-05,0.0089111328125,0.09814453125,5.984306335449219e-05,-0.006805419921875,2.765625,-0.00067138671875,0.75,2.828125,0.0390625,0.58203125,0.173828125,0.7578125,2.47955322265625e-05,0.53125,-0.007354736328125,-0.00162506103515625,-0.0004024505615234375,0.040771484375,0.00494384765625,0.216796875,0.00994873046875,-8.285045623779297e-06,0.984375,0.7109375,0.007293701171875,-0.7890625,2.8125,2.0742416381835938e-05,0.054931640625,2.0625,0.2734375,1.953125,0.032958984375
./data/emilia_xyz/worker_3_EN_B00000_S01433_W000025.wav," And then also in the third chapter, the cardinal sin, a money gate is introduced, AKA you cannot progress until you earn X amount of money. And while it's not a monumental figure, there's something disheartening about knowing that you're returning to your farm to grind out this arbitrary sum of money. And so that's really been my experience with Harvestella, the highs of the combat",21.276,EN_B00000_S01433,en,1.9921875,2.390625,0.006561279296875,0.00531005859375,-0.003753662109375,-0.019287109375,0.0400390625,0.80859375,0.0172119140625,-0.00482177734375,-0.01214599609375,2.3125,0.70703125,0.7578125,0.59375,2.546875,-0.01123046875,0.59375,0.0693359375,-0.0208740234375,-0.0164794921875,3.9577484130859375e-05,0.058837890625,0.0830078125,0.875,0.0135498046875,3.1875,-0.000736236572265625,0.921875,3.1875,0.01397705078125,0.625,-7.68899917602539e-06,1.375,2.4199485778808594e-05,0.04150390625,-0.0120849609375,-0.00092315673828125,-0.0004024505615234375,0.046630859375,0.671875,-0.06982421875,0.0155029296875,-1.0311603546142578e-05,0.87109375,0.006927490234375,0.00726318359375,-0.4296875,2.9375,2.0742416381835938e-05,0.007415771484375,2.234375,-0.000331878662109375,1.6484375,0.0869140625
./data/emilia_xyz/worker_3_EN_B00000_S00423_W000000.wav," And thanks to Azdin once again for his review of Bleak Sword DX. Check out links to his channel in the top-in comment in the description. Bleak Sword DX for the Nintendo Switch is a captivating action game that immerses players in a dark and brutal pixelated diorama. With its unique art style, challenging gameplay and gripping atmosphere, is the gameplay blindingly good or",20.476,EN_B00000_S00423,en,0.93359375,1.2890625,0.7578125,0.0035552978515625,-0.0026702880859375,0.921875,0.21484375,0.60546875,-0.0067138671875,0.00099945068359375,-0.01171875,1.53125,1.328125,0.474609375,0.08984375,0.462890625,0.00872802734375,1.09375,0.012451171875,-0.0267333984375,-0.04541015625,3.123283386230469e-05,0.007293701171875,0.07666015625,0.76953125,0.052734375,1.828125,-0.00063323974609375,1.46875,0.62890625,2.0,-0.12890625,-9.655952453613281e-06,-0.00057220458984375,0.0250244140625,0.0185546875,0.84765625,1.0234375,-0.003814697265625,2.140625,0.0016021728515625,-0.03955078125,0.010009765625,0.8046875,0.57421875,0.0054931640625,1.015625,-0.0062255859375,2.078125,0.6015625,0.17578125,1.8125,0.0020294189453125,6.020069122314453e-06,0.06591796875
./data/emilia_xyz/worker_3_EN_B00000_S00703_W000017.wav," I just, I just really want one of those hats, if I'm, if I'm honest. Can, can we? Can I get a hat, you reckon, now? Please? Come on, I've talked about Arby's quite a lot. They should probably give me a hat. No? So that's a, that's a maybe? Uh, I'll take that as a maybe. Uhm, alright, so look. Normally, normally this part of the, part of the vlog is where we get to the comments.",27.623,EN_B00000_S00703,en,0.91796875,1.2734375,0.890625,0.0034027099609375,-0.002227783203125,1.171875,0.271484375,0.482421875,-0.00238037109375,0.0020294189453125,-0.011474609375,1.65625,1.390625,0.40625,0.09375,0.5859375,0.0128173828125,1.1328125,0.01239013671875,-0.001678466796875,-0.041015625,3.0994415283203125e-05,0.007354736328125,0.0810546875,0.80078125,0.053955078125,1.796875,-0.0006103515625,1.390625,0.671875,2.015625,-0.1259765625,-1.0311603546142578e-05,-0.000568389892578125,2.2172927856445312e-05,0.017333984375,0.9609375,1.15625,-0.003875732421875,2.109375,0.004150390625,0.00787353515625,0.00927734375,0.78125,0.73046875,0.005218505859375,1.15625,-0.0062255859375,2.125,0.59765625,0.326171875,1.7890625,0.001922607421875,6.020069122314453e-06,0.06884765625
./data/emilia_xyz/worker_3_EN_B00000_S00973_W000052.wav," Actually, do you know who would be good to, to call Scooter? Because, I mean, his kids, I wonder if the kids have been to, Fortnite's the one that the kids all play, yeah? Uhm, let me- I mean, his older kids pay to make enough money. But I think he, let's, let's call Scooter, because I'm curious to see if he knows about this stuff. He's probably still in bed. He could be in bed.",22.733,EN_B00000_S00973,en,0.890625,1.4140625,0.796875,0.003570556640625,0.0189208984375,-0.0078125,0.12109375,0.71484375,-0.01177978515625,0.44921875,-0.013427734375,1.234375,1.1796875,0.4609375,0.09814453125,1.4296875,-0.00171661376953125,0.80859375,0.012451171875,0.0240478515625,-0.050048828125,0.921875,0.0072021484375,0.0751953125,0.7109375,0.04248046875,1.890625,-0.000675201416015625,0.1396484375,1.5859375,1.25,-0.057373046875,-9.715557098388672e-06,-0.00040435791015625,0.140625,0.01507568359375,1.015625,0.451171875,-0.0035247802734375,1.796875,0.0027008056640625,0.0150146484375,0.0196533203125,1.21875,0.53125,0.00689697265625,0.91796875,-0.396484375,2.140625,0.83203125,0.083984375,1.6875,0.212890625,0.2431640625,0.2490234375
./data/emilia_xyz/worker_3_EN_B00000_S00663_W000014.wav," I don't wanna touch any of these ducks, I know how dirty they are, I guess. Okay, yeah! Welcome to hell. Okay. Oh yeah! Yeah! I did it! Okay! Good! Great! This was an experience! Glad I did this. Cool!",23.497,EN_B00000_S00663,en,1.1796875,2.234375,0.017333984375,1.0546875,1.4921875,0.478515625,0.392578125,0.0203857421875,0.578125,-0.00311279296875,0.0120849609375,3.1875,1.28125,0.181640625,-0.0133056640625,2.09375,-0.01409912109375,1.046875,1.90625,-0.0174560546875,0.443359375,0.396484375,0.7109375,0.09130859375,0.8125,0.06982421875,2.234375,1.9609375,0.072265625,2.9375,0.005218505859375,0.890625,-9.119510650634766e-06,1.609375,1.3046875,-0.004180908203125,-0.0030670166015625,1.1640625,-0.0004024505615234375,1.0234375,0.9921875,1.625,0.26953125,-6.973743438720703e-06,1.3984375,0.94921875,0.007232666015625,-1.3046875,2.796875,2.0742416381835938e-05,0.034423828125,2.375,0.39453125,0.1083984375,0.51953125
./data/emilia_xyz/worker_3_EN_B00000_S00973_W000082.wav," At top line, Google could easily put a case where it's like, it's going to affect your search results, blah, blah, blah. And it's like, that's bad. But we don't, we don't fucking know the internet like, and then it's from the new site. It could be around the, um, you know, having access to the information and the, uh, making sure that",20.412,EN_B00000_S00973,en,2.609375,2.046875,-0.0032958984375,0.00274658203125,0.37890625,-0.0101318359375,-0.0286865234375,1.046875,0.57421875,-0.0042724609375,-0.0128173828125,1.6640625,0.94140625,0.154296875,0.11376953125,2.640625,-0.0179443359375,0.76953125,0.032470703125,-0.022216796875,0.052001953125,3.241002559661865e-07,0.006500244140625,0.056396484375,0.462890625,0.025390625,2.28125,-0.001556396484375,0.0018463134765625,3.0625,0.00151824951171875,0.48046875,-1.4185905456542969e-05,0.466796875,0.08056640625,0.0169677734375,0.0869140625,-0.0022430419921875,-0.00034332275390625,0.01153564453125,0.004608154296875,0.1162109375,0.0191650390625,-4.827976226806641e-06,1.0,0.54296875,0.00726318359375,-0.9609375,2.671875,2.0742416381835938e-05,0.01336669921875,2.15625,-8.106231689453125e-05,1.8984375,0.0296630859375
./data/emilia_xyz/worker_3_EN_B00000_S00163_W000004.wav," Ah, why am I jump- I'm jumpin- why am I- I'm jumping high? That- that's- that's not the way that this is supposed to go. Ah, come on! Don't jump! Stop yumpin'! Ahhhh! Tug and roll! Did I do it? I did it! I don't know how I did it, but I did it! Oooookay. Okay! Yeah!",21.698,EN_B00000_S00163,en,0.54296875,2.015625,0.006195068359375,1.515625,1.5625,0.0341796875,0.12353515625,0.04296875,2.484375,0.91015625,0.64453125,3.296875,1.859375,-0.008056640625,-0.14453125,2.53125,1.109375,0.8515625,0.953125,-0.02001953125,0.71875,1.5703125,0.00799560546875,0.0869140625,5.030632019042969e-05,0.02099609375,2.078125,1.1171875,0.00180816650390625,2.828125,0.0027923583984375,0.99609375,-2.9653310775756836e-06,1.8203125,1.09375,0.43359375,-0.013427734375,0.671875,-0.0032806396484375,0.07763671875,-1.8671875,1.8125,0.0167236328125,0.004180908203125,1.78125,1.2890625,0.00726318359375,-1.078125,2.96875,1.5859375,0.0576171875,2.828125,1.1171875,6.020069122314453e-06,0.04931640625
./data/emilia_xyz/worker_3_EN_B00000_S00413_W000006.wav," There's probably a few things, I mean, I don't know the structure in terms of how much funding you want around who's just, like who's, how prepared we're coming to it in terms of which characters we're going to do and are we doing accents and all that sort of stuff. Like I think, I think that could be workshops. Um, but yeah, I, I, I understand, like it's,",20.764,EN_B00000_S00413,en,0.8359375,1.2734375,0.55078125,0.0037078857421875,-0.0034637451171875,1.1328125,0.263671875,0.478515625,-0.01165771484375,0.00014495849609375,-0.007049560546875,1.6484375,1.21875,0.57421875,0.1513671875,0.94140625,0.00909423828125,1.1484375,1.0234375,0.1416015625,-0.042724609375,3.0279159545898438e-05,0.00732421875,0.08203125,0.87109375,0.44921875,1.75,-0.00061798095703125,1.4921875,0.68359375,1.9375,-0.1123046875,-8.285045623779297e-06,0.1865234375,2.2292137145996094e-05,0.018310546875,1.0,1.3828125,-0.0038909912109375,1.890625,-0.061279296875,0.02099609375,0.0103759765625,0.828125,0.68359375,0.005157470703125,1.15625,-0.06787109375,1.9765625,0.08056640625,0.04296875,1.8203125,-0.000690460205078125,6.020069122314453e-06,0.431640625
./data/emilia_xyz/worker_3_EN_B00000_S01033_W000003.wav," The Major League Baseball, uh, Uber, Spark, which is our email client, Blinkist, Google Home, Scrivener, which is where I'm writing my memoir, Remote for the Apple TV, YouTube Studio, Google Photos, Photos, ING, YouTube, Telstra, Voice Memo, Contacts, and then at the bottom,",21.66,EN_B00000_S01033,en,1.984375,2.234375,-0.004119873046875,0.0033111572265625,0.010986328125,-0.0157470703125,0.02783203125,0.0185546875,-0.01806640625,-0.004669189453125,0.3046875,1.4453125,0.72265625,0.48046875,0.4453125,2.140625,-0.00055694580078125,1.0234375,1.125,-0.035400390625,0.201171875,2.110004425048828e-05,1.0078125,0.1044921875,0.79296875,0.031982421875,2.5,-0.000385284423828125,0.53125,2.8125,0.73046875,0.6640625,-1.6450881958007812e-05,1.21875,2.0503997802734375e-05,0.006317138671875,0.0167236328125,0.09716796875,-0.0037841796875,0.31640625,1.0703125,0.16015625,0.00994873046875,-4.649162292480469e-06,0.9296875,0.00482177734375,0.0072021484375,-0.81640625,2.703125,2.0742416381835938e-05,0.002410888671875,1.6875,-0.00026702880859375,1.3125,0.059814453125
./data/emilia_xyz/worker_3_EN_B00000_S00123_W000009.wav," When it's on, you end up with the blurriest image in the world, and when it's off, you really do get the jaggies. I have to say though, I do think I prefer it off, definitely when you're playing in handheld, and then cranking everything else up to high sharpness. So what else is new? Well, we also get a brand new quest line on the Switch version, which is known as the Eternal Fire Shadow. If you finish the game and you head to Velen, then you can unlock that one, and you'll get lots of rewards based on the Netflix series. The next big feature addition is Online Progression.",30.0,EN_B00000_S00123,en,2.046875,2.390625,-0.002227783203125,0.2451171875,0.5703125,1.09375,0.2451171875,0.8984375,0.60546875,-0.003997802734375,0.07666015625,2.515625,1.1484375,0.8671875,0.6328125,2.953125,0.0615234375,0.9609375,1.40625,0.32421875,0.0830078125,0.890625,0.00885009765625,0.072265625,0.9765625,0.875,3.5625,1.3046875,0.7265625,2.90625,-0.0013885498046875,0.8984375,-3.546476364135742e-06,2.328125,1.59375,0.0091552734375,-0.01422119140625,1.0703125,0.7265625,1.15625,1.6015625,-0.058349609375,0.004791259765625,0.205078125,1.28125,0.48046875,0.64453125,-0.87109375,3.1875,2.0742416381835938e-05,-0.0010528564453125,2.625,0.06396484375,1.6484375,0.2490234375
./data/emilia_xyz/worker_3_EN_B00000_S00513_W000015.wav," If it's just a standard grapple, then you'll press something like up on the d-pad or up on the right analog stick and it will perform that special or finishing move. But there are others where they'll need to be running, on the ground or slumped in the corner. One of its most interesting mechanics are the ability to counter certain moves. Using the L and R bumpers and hopefully a little bit of timing, you'll be able to either counter a grapple or a melee attack. And obviously pressing the right button at the right time will do that. This can mean as you get an eye for it, you can begin to counter and improve your overall momentum.",29.382,EN_B00000_S00513,en,2.21875,2.265625,-0.002044677734375,0.005889892578125,1.0546875,-0.0147705078125,0.1513671875,0.6640625,0.74609375,-0.004302978515625,-0.00872802734375,1.9921875,1.015625,0.6328125,0.478515625,2.46875,0.0284423828125,0.470703125,0.5234375,-0.0196533203125,0.000946044921875,1.150369644165039e-05,0.00634765625,0.0859375,0.7578125,0.053955078125,3.28125,-0.0007781982421875,0.2890625,3.125,0.53515625,0.88671875,-1.0192394256591797e-05,1.359375,0.9375,0.003265380859375,-0.0096435546875,-0.0001392364501953125,0.00146484375,0.033203125,0.5546875,-0.0654296875,0.00665283203125,6.109476089477539e-07,1.234375,0.80859375,0.00677490234375,-1.125,2.984375,2.0742416381835938e-05,-0.006927490234375,1.9765625,-8.106231689453125e-05,2.265625,0.09326171875
./data/emilia_xyz/worker_3_EN_B00000_S00023_W000309.wav," When, when you, when you strike, your movement should be lighter than the opponent's and you should have some strength left in you so that you can then safely come out. And at the end of your exit should be the start of the Reparo, the counter, the response, the parry. Um, so yeah, there's a lot there. I still need to do a lot of thinking about it.",26.639,EN_B00000_S00023,en,0.8125,1.2734375,0.796875,0.0031585693359375,-0.0033721923828125,0.68359375,0.376953125,0.0311279296875,0.0027313232421875,0.00970458984375,-0.00872802734375,1.96875,1.3515625,0.5625,0.06494140625,0.44140625,0.01495361328125,1.015625,0.37109375,0.123046875,-0.05078125,3.266334533691406e-05,0.007659912109375,0.076171875,0.82421875,0.0517578125,1.8359375,-0.000629425048828125,1.15625,0.54296875,1.828125,-0.171875,-9.119510650634766e-06,-0.000560760498046875,2.2292137145996094e-05,0.01422119140625,0.796875,1.4296875,-0.003875732421875,2.078125,-0.025390625,0.1552734375,0.01483154296875,0.94921875,0.57421875,0.004730224609375,1.28125,-0.0062255859375,2.125,0.6171875,0.205078125,1.984375,0.033935546875,6.020069122314453e-06,0.71484375
./data/emilia_xyz/worker_3_EN_B00000_S00913_W000005.wav," Okay, apparently bears- I, uh, this has gotta be the dopiest looking bear just walking on his hind legs with his paws outstretched. But you know what? I'm not gonna question it, because after all- ooooh, hello. I didn't know that I was going for a dive. It's not giving me a lot of instructions, I mean I can only ponder that I need to do what bears do, which is find food, find a mate, maul someone in the woods, and then",23.932,EN_B00000_S00913,en,0.88671875,1.203125,0.7421875,0.0030059814453125,-0.00262451171875,0.7578125,0.3203125,0.03515625,0.0213623046875,0.1240234375,-0.01519775390625,1.9140625,1.3515625,0.5234375,0.07275390625,0.26953125,0.01556396484375,1.0703125,0.012451171875,-0.0096435546875,-0.03759765625,0.0830078125,0.0087890625,0.0712890625,0.7109375,0.039306640625,1.7421875,-0.000667572021484375,0.73828125,0.5546875,1.9375,-0.142578125,-9.775161743164062e-06,-0.000728607177734375,2.4437904357910156e-05,0.018798828125,1.046875,1.0625,-0.003875732421875,1.890625,-0.0057373046875,-0.06298828125,0.0126953125,1.1796875,0.427734375,0.00494384765625,1.109375,-0.0062255859375,2.109375,1.078125,0.248046875,1.734375,0.388671875,6.020069122314453e-06,0.181640625
./data/emilia_xyz/worker_3_EN_B00000_S00433_W000004.wav, And number five is taken osmotic. Osmotic laxatives work slightly different than stimulant laxatives. They're designed to help move fluid through the colon and magnesium hydroxide is one of those or magnesium citrate is the packet. Is it one of those?,23.087,EN_B00000_S00433,en,0.9765625,1.4453125,1.1953125,0.0027313232421875,-0.002532958984375,1.453125,0.3828125,0.66015625,-0.020751953125,-0.00372314453125,0.000194549560546875,1.6796875,1.15625,0.55859375,0.28125,1.375,0.016845703125,1.1484375,1.046875,0.2109375,-0.044677734375,2.944469451904297e-05,0.00909423828125,0.05908203125,0.98828125,0.28515625,2.171875,-0.00063323974609375,1.8046875,1.1484375,1.984375,0.0264892578125,-6.198883056640625e-06,0.5078125,0.32421875,0.01519775390625,1.5078125,1.65625,-0.003875732421875,2.546875,-0.0732421875,0.1787109375,0.0093994140625,1.2421875,0.6640625,0.004791259765625,1.2890625,-0.25,2.265625,2.0742416381835938e-05,0.057861328125,1.9375,-8.106231689453125e-05,6.020069122314453e-06,0.1923828125
./data/emilia_xyz/worker_3_EN_B00000_S00983_W000011.wav," You know, it's, it's fun seeing a guy who's just like so ripped and rock hard. It looks like, you know, it looks like a fucking antelope, um, on, you know, and he, and he's just got the little, he's got the little nasal, like he's a bit sniffly. Just brings him down slightly. Is he telling people, be careful out there? Okay.",20.181,EN_B00000_S00983,en,1.1171875,1.8515625,-0.006500244140625,0.80078125,0.05419921875,-0.0125732421875,0.55078125,0.007415771484375,0.5234375,-0.00445556640625,0.4296875,2.0625,1.3671875,0.75,1.1640625,2.65625,-0.0106201171875,0.85546875,0.99609375,0.76953125,0.2158203125,2.753734588623047e-05,1.09375,0.12890625,0.73828125,0.0361328125,2.4375,2.171875,0.00185394287109375,2.953125,-0.0031280517578125,0.26953125,0.55078125,0.90234375,1.171875,0.37109375,-0.0206298828125,1.0234375,1.2421875,0.049072265625,0.78515625,0.7421875,0.0224609375,-8.828938007354736e-07,2.125,0.006683349609375,1.1796875,-0.70703125,2.875,2.0742416381835938e-05,0.01904296875,2.671875,0.000705718994140625,0.62109375,0.0634765625
./data/emilia_xyz/worker_3_EN_B00000_S00063_W000039.wav," And I remember pointing out to my dad and I was like, why, why don't they talk in at Disneyland? And my dad thinks for a quick second, he thought this up quicker than he should have. And he goes, well, do they, do they talk in the cartoons? And I was like, yeah, they do. He's like, well, they're not in the cartoons. They can't talk. And I was like, that makes sense. And I believe that. I believe it.",23.752,EN_B00000_S00063,en,0.8515625,1.8046875,-0.00799560546875,1.75,2.125,-0.012939453125,0.031005859375,0.78125,1.03125,-0.004119873046875,-0.004119873046875,2.1875,1.5703125,0.3828125,0.671875,2.78125,0.365234375,1.0078125,1.2421875,-0.033203125,0.26953125,1.2578125,0.006317138671875,0.123046875,0.796875,0.025390625,2.140625,2.453125,0.00186920166015625,2.5,0.000518798828125,0.359375,0.7421875,1.4765625,0.80078125,0.0045166015625,-0.0250244140625,0.66796875,0.1875,0.054443359375,0.9296875,0.953125,0.00982666015625,-2.9802322387695312e-06,1.78125,0.90234375,0.0072021484375,-0.734375,2.8125,2.0742416381835938e-05,-0.0157470703125,2.5625,0.90625,0.5625,0.057861328125
./data/emilia_xyz/worker_3_EN_B00000_S01433_W000036.wav," I think it probably would have been mid to high 70s. It just began to take too many liberties with your time the longer it went on. Still, I'm sure some of you will really enjoy it and hopefully this video was of some use to you. Thanks to all of you that enjoy the content and to our channel members as well as Patreons. And as always for all things Switch, all the time, keep it Switch up. Cheers guys. See ya!",21.297,EN_B00000_S01433,en,1.734375,2.0625,-0.0017547607421875,0.0014801025390625,0.01129150390625,0.058837890625,-0.041015625,0.87890625,0.042236328125,-0.0040283203125,-0.0030059814453125,2.234375,1.3515625,0.8203125,1.03125,2.875,-0.0125732421875,0.921875,1.125,-0.0311279296875,0.02880859375,2.3245811462402344e-05,0.00787353515625,0.05322265625,1.015625,0.51953125,2.921875,0.8515625,0.08349609375,3.0625,0.000400543212890625,0.5078125,0.0186767578125,2.296875,0.134765625,0.00860595703125,0.64453125,0.44140625,-0.0030670166015625,1.1328125,1.40625,-0.0289306640625,0.02294921875,-1.2218952178955078e-05,1.421875,0.006072998046875,0.61328125,-0.84375,3.015625,2.0742416381835938e-05,0.0191650390625,2.578125,-8.106231689453125e-05,1.1640625,0.057861328125
./data/emilia_xyz/worker_3_EN_B00000_S00163_W000014.wav," I don't know how I did it, but I did it. Okay. I did pretty dang good. Look at me go, all in slow motion-like. Ooh, right on the step. I did wwwwwwwwwwwwwwwwwwwwwwwwwwwwwwwwwwwwwwwwwwwwwwwwwwwwwwwwwwwwwwwwwwwwwwwwwwwwwwwwwwwwwwwwwwwwwwwwwwwwwwwwwwwwwwwwwwwwwwwwwwwwwwwwwwwwwwwwwwwwwwwwwwwwwwwwwwwwwwwwwwwwwwwwwwwwwwwwwwwww",20.255,EN_B00000_S00163,en,1.3515625,1.9765625,0.0067138671875,1.140625,1.4375,0.953125,0.2333984375,0.031494140625,1.09375,-0.003997802734375,-0.0169677734375,2.484375,1.53125,0.09765625,0.06689453125,2.203125,0.26953125,0.9140625,1.84375,-0.0341796875,0.72265625,2.9206275939941406e-05,0.00469970703125,0.055419921875,0.73828125,0.04052734375,2.109375,2.125,0.00188446044921875,2.453125,-0.0030670166015625,0.8515625,-9.238719940185547e-06,1.7734375,1.09375,0.00762939453125,-0.03759765625,1.0859375,-0.002899169921875,0.06689453125,1.625,1.9921875,0.018798828125,8.530914783477783e-07,1.8125,0.7578125,0.007232666015625,-0.828125,2.84375,2.0742416381835938e-05,0.0152587890625,2.59375,-0.0003643035888671875,0.7265625,0.06103515625
./data/emilia_xyz/worker_3_EN_B00000_S00043_W000007.wav," We have ochre, which again can be used for making pigments. We're on a clay lens here, and the clay can be used for firing tiles, roof tiles, floor tiles, and we're surrounded by forest, which is a source of timber. It's a source of fuel, so it can keep the blacksmiths going. Almost everything we need to build a castle is just a stone's throw away.",20.502,EN_B00000_S00043,en,2.03125,2.546875,0.000606536865234375,0.005767822265625,-0.0034942626953125,1.1953125,-0.005157470703125,0.8203125,0.2578125,0.02734375,-0.00927734375,1.9921875,0.92578125,0.2470703125,0.0150146484375,2.671875,-0.014892578125,0.369140625,0.7734375,-0.0201416015625,-0.0064697265625,3.314018249511719e-05,0.0693359375,0.10595703125,0.8828125,0.021484375,2.96875,-0.000629425048828125,1.390625,2.953125,0.0179443359375,0.62109375,0.57421875,1.640625,2.300739288330078e-05,1.03125,-0.009521484375,0.06982421875,-0.0023193359375,0.053466796875,1.1015625,-0.0546875,0.01324462890625,0.3671875,0.98046875,0.005279541015625,0.007293701171875,-0.953125,3.09375,2.0742416381835938e-05,0.01507568359375,2.65625,0.7578125,1.796875,0.453125
./data/emilia_xyz/worker_3_EN_B00000_S00953_W000025.wav," Uh, Jane, you misspelled, uh, you, you, you, you wrote the wrong you're there. You wrote y-o-u apostrophe r-e instead of y-o-u-r to say you're the best. Uh, which is not correct, I'm pretty sure. Uh, definitely not how I would have done it anyway. So, yes, you can, you can be sure about that, boys and girls. Uhm, anyway, thanks again. Thanks again. And, uh, let's have a look.",24.368,EN_B00000_S00953,en,0.84765625,1.3203125,1.2734375,0.0028533935546875,-0.0023345947265625,1.265625,0.34375,0.59765625,-0.0211181640625,0.00101470947265625,-0.0032958984375,1.71875,1.3671875,0.61328125,0.16015625,0.470703125,0.0167236328125,1.0703125,0.2138671875,-0.0028076171875,-0.047119140625,3.123283386230469e-05,0.0081787109375,0.06005859375,0.88671875,0.46484375,2.03125,-0.000644683837890625,1.6015625,0.69921875,2.046875,-0.12109375,-7.539987564086914e-06,0.00518798828125,0.031494140625,0.017822265625,1.296875,1.359375,-0.0038909912109375,2.265625,-0.03466796875,0.007781982421875,0.00762939453125,1.1171875,0.56640625,0.00445556640625,1.2265625,-0.052734375,2.21875,0.5078125,0.0751953125,1.953125,-0.000579833984375,6.020069122314453e-06,0.0712890625
./data/emilia_xyz/worker_3_EN_B00000_S00593_W000002.wav, Find the perfect balance between these values to produce the amount of megawatts required. Figure out by yourself what the best values you have to pi- bleh bleh bleh. Target 150 megawatts. Produce less and you're fired. Produce more and you're fired. Why produce more? Oh god. Okay. Routine checks. You will sometimes receive instructions.,20.624,EN_B00000_S00593,en,1.75,2.03125,-0.0036163330078125,0.24609375,0.5625,1.1015625,0.033935546875,0.038330078125,0.65625,-0.004852294921875,0.66796875,2.640625,0.8671875,0.2578125,0.83203125,2.515625,-0.00482177734375,0.64453125,1.2421875,-0.00946044921875,-0.047119140625,2.9206275939941406e-05,0.00738525390625,0.0888671875,0.7734375,0.0115966796875,2.9375,1.0546875,1.109375,3.09375,-0.00162506103515625,0.88671875,-9.834766387939453e-06,1.8125,1.515625,0.0181884765625,-0.01141357421875,0.91796875,-0.0038299560546875,0.045166015625,1.5078125,0.3828125,0.018798828125,4.410743713378906e-06,1.4921875,0.005615234375,0.007232666015625,-1.421875,2.9375,2.0742416381835938e-05,0.004058837890625,2.796875,0.00060272216796875,1.1875,0.048095703125
./data/emilia_xyz/worker_3_EN_B00000_S00023_W000272.wav," Carranza makes the argument that there's no such thing as a counter to a technique because the Svissa techniques are all true and you can't counter a truth with a truth. Syllogisms don't work that way. Uhm, so he says it's not the techniques themselves that counter each other, it's the qualities of the techniques that counter each other. So you can counter a straight line with a curved line and you can counter a curved line with a straight line. That's why the word counter is loaded.",26.078,EN_B00000_S00023,en,2.1875,2.078125,0.0010986328125,0.005157470703125,0.027587890625,-0.01348876953125,0.0118408203125,1.2265625,0.890625,-0.004180908203125,0.71484375,1.4453125,0.91015625,0.494140625,0.103515625,2.59375,-0.01239013671875,0.00701904296875,0.01336669921875,-0.0145263671875,-0.0081787109375,2.7060508728027344e-05,0.0059814453125,0.03271484375,0.68359375,0.0089111328125,3.0,-0.0007476806640625,0.00185394287109375,3.046875,0.016845703125,0.62890625,-1.1026859283447266e-05,0.0164794921875,0.0002689361572265625,0.01031494140625,-0.0093994140625,-0.002349853515625,0.1220703125,0.00927734375,0.0048828125,-0.06396484375,0.01422119140625,-8.270144462585449e-07,0.77734375,0.7890625,0.007171630859375,-0.259765625,2.90625,2.0742416381835938e-05,0.00933837890625,1.8671875,0.5703125,2.546875,0.0625
./data/emilia_xyz/worker_3_EN_B00000_S00973_W000071.wav," Uh, the terrorist stuff that was happening in, uh, New Zealand where the guy was filming and all of that sort of thing and that was getting posted. It's like, if that was any broadcast company, um, they would be taken off. They were like, they wouldn't exist. They would lose their license and all that sort of thing. And so, um, yeah, I, I guess, I guess the question",23.479,EN_B00000_S00973,en,1.671875,1.7890625,-0.004302978515625,0.0026092529296875,1.0546875,-0.0159912109375,-0.00653076171875,0.9453125,0.8046875,0.00677490234375,-0.010986328125,1.6484375,1.4453125,0.404296875,0.2255859375,2.421875,0.6328125,0.77734375,0.01251220703125,-0.0079345703125,0.07373046875,0.87890625,0.00396728515625,0.0576171875,5.7220458984375e-05,0.019775390625,2.65625,-0.00064849853515625,0.00177764892578125,3.1875,0.0018768310546875,0.369140625,-5.900859832763672e-06,-0.000682830810546875,2.4557113647460938e-05,0.0247802734375,-0.00927734375,-0.002471923828125,0.0255126953125,0.01806640625,0.0034637451171875,-0.08203125,0.03173828125,0.36328125,1.2109375,1.09375,0.0072021484375,-0.8359375,2.703125,2.0742416381835938e-05,0.0162353515625,2.1875,0.2392578125,1.6328125,0.059326171875
./data/emilia_xyz/worker_3_EN_B00000_S00693_W000018.wav," It's a whole thing, you know, you can, you don't want an encyclopedia of knowledge. You just want to get started. I mean, you can always refer back to that, the more complex stuff later, but you, it's that initial hurdle that I think is the hardest for most people. And I think that's what you've done so well here. Keep it very, very simple, but you got to tell them, tell me about your other books. Cause that's not the only book you've written. You've also got getting started, becoming a master hacker and network basics for hackers. Why did you write these two?",21.443,EN_B00000_S00693,en,1.8359375,2.109375,-0.004730224609375,0.005645751953125,0.53125,-0.017333984375,-0.033203125,1.1484375,0.6015625,-0.00396728515625,0.76953125,1.84375,1.3828125,0.466796875,0.051025390625,2.546875,-0.014892578125,0.734375,0.72265625,-0.023193359375,0.2294921875,2.9087066650390625e-05,0.007171630859375,0.08935546875,0.80078125,0.02392578125,2.734375,-0.00061798095703125,0.72265625,3.078125,-0.0002574920654296875,0.6640625,-9.953975677490234e-06,1.453125,0.369140625,0.019775390625,-0.0302734375,0.0625,0.7265625,0.05517578125,0.5,-0.06298828125,0.01513671875,-5.453824996948242e-06,1.0546875,0.2041015625,0.00726318359375,-0.85546875,2.8125,2.0742416381835938e-05,0.03125,2.1875,0.62890625,1.5859375,0.056396484375
./data/emilia_xyz/worker_3_EN_B00000_S01293_W000113.wav," You want to have at least six months worth of operating expenses. So if your business wasn't, uh, bringing in anything, you could survive for six months. That's the first thing. And then the second thing, which we're starting to work on more than ever now as founder is recurring revenue. I really like the idea of not",21.468,EN_B00000_S01293,en,0.9296875,1.3828125,1.0859375,0.002777099609375,-0.003936767578125,1.1484375,0.310546875,0.470703125,-0.00555419921875,0.002105712890625,-0.004974365234375,1.59375,1.2109375,0.5625,0.1396484375,0.6953125,0.011474609375,1.265625,0.341796875,0.0274658203125,-0.04736328125,2.86102294921875e-05,0.007049560546875,0.0673828125,0.8828125,0.390625,1.859375,-0.00063323974609375,1.4296875,0.671875,2.0625,-0.12890625,-9.238719940185547e-06,0.08740234375,2.288818359375e-05,0.0169677734375,1.0625,1.375,-0.003875732421875,1.8515625,-0.009033203125,0.0712890625,0.00836181640625,0.80859375,0.470703125,0.0047607421875,1.234375,-0.0062255859375,2.0625,0.447265625,0.259765625,1.9765625,0.00152587890625,6.020069122314453e-06,0.2431640625
./data/emilia_xyz/worker_3_EN_B00000_S00123_W000008.wav," And the more mature tones, it really does appeal to me in a different way. I think overall really with performance, there isn't a huge amount of change. Perhaps I just never really noticed how bad it got in the cities. And as for enhancements, I'd say we're looking at about the same as we were before on patch 3.6. As for visual quality, if you remember in the last patch, they included a few tweakable options, things like being able to toggle on post-processed anti-aliasing. And that's a bit of a double-edged sword.",26.201,EN_B00000_S00123,en,1.984375,2.015625,-0.00665283203125,0.006103515625,0.7421875,-0.0167236328125,0.06201171875,1.4609375,0.09814453125,-0.004150390625,-0.0184326171875,2.140625,1.234375,0.90234375,0.5390625,2.8125,-0.007537841796875,0.7578125,1.0625,-0.0299072265625,0.0537109375,2.3603439331054688e-05,0.009521484375,0.07373046875,0.8671875,0.0732421875,3.3125,0.10498046875,0.035888671875,3.046875,0.3359375,0.72265625,0.65625,1.890625,2.086162567138672e-05,0.01055908203125,0.248046875,0.29296875,-0.002716064453125,0.9609375,1.34375,-0.03955078125,-0.002655029296875,-1.0073184967041016e-05,1.25,0.0030059814453125,0.080078125,-0.80859375,3.03125,2.0742416381835938e-05,-0.00135040283203125,2.75,-8.106231689453125e-05,1.625,0.05029296875
./data/emilia_xyz/worker_3_EN_B00000_S00023_W000243.wav," But you do well to consider that the body will perform a technique more easily when the body is not in the middle, nor when the sword and the arm are in the strongest, are in the longest posture. So right there, we've called out the right angle. The body will perform, that the body will perform a technique when it is not in right angle. It is better to be in a weak angle.",22.258,EN_B00000_S00023,en,0.8359375,1.2890625,0.78125,0.003387451171875,-0.001007080078125,1.125,0.375,0.0306396484375,-0.00433349609375,-0.0036468505859375,-0.0086669921875,1.5390625,1.2890625,0.55078125,0.076171875,0.3984375,0.0167236328125,1.171875,0.01239013671875,0.052978515625,-0.050048828125,3.0517578125e-05,0.00732421875,0.08642578125,0.8046875,0.55078125,1.765625,-0.00064849853515625,1.5,0.59375,1.9453125,-0.10595703125,-8.761882781982422e-06,-0.000518798828125,0.02734375,0.0166015625,0.984375,1.359375,-0.003875732421875,2.03125,-0.0145263671875,0.0693359375,0.0101318359375,0.76953125,0.54296875,0.005157470703125,1.234375,-0.123046875,1.9375,0.65625,0.26953125,1.75,0.0020751953125,6.020069122314453e-06,0.66015625
./data/emilia_xyz/worker_3_EN_B00000_S01073_W000007.wav," Uhm, I, like, I just really went and started, like, I just was like, alright, well, I have other talents and other creative things that I can try. You just pecked my eye. Uhm, I'll do that and, uhm, see where I end up. And, uhm, I've actually been writing more, I think, I don't know, it's just,",23.226,EN_B00000_S01073,en,0.86328125,1.3828125,0.77734375,0.0034027099609375,-0.0011138916015625,0.0283203125,0.2216796875,0.328125,-0.022216796875,0.0162353515625,-0.0125732421875,1.6953125,1.2109375,0.51171875,0.185546875,1.2734375,-0.002105712890625,0.6953125,0.01116943359375,0.16015625,-0.03369140625,0.431640625,0.00750732421875,0.07275390625,0.76171875,0.031982421875,2.109375,-0.000606536865234375,0.55859375,2.15625,0.70703125,-0.03076171875,-8.821487426757812e-06,0.027587890625,0.2109375,0.01385498046875,0.84765625,1.125,-0.003753662109375,2.28125,0.0048828125,0.03759765625,0.01324462890625,1.1015625,0.73828125,0.006011962890625,0.98046875,-0.2470703125,2.3125,0.59765625,0.271484375,1.7421875,0.0004711151123046875,6.020069122314453e-06,0.390625
./data/emilia_xyz/worker_3_EN_B00000_S00973_W000036.wav," And then delete. I don't know if I've mentioned this before, but it would be cool to have a button that you could press that's sort of like an unbox button and you click on it on your phone and it opens a vault of apps that are only available, but they actually, they, they, they removed from your phone. And so when you click it, it re downloads them. Surely, surely someone's created that.",21.532,EN_B00000_S00973,en,1.828125,1.71875,-0.00384521484375,1.109375,0.0020751953125,-0.007476806640625,0.166015625,0.79296875,0.45703125,-0.004364013671875,-0.00994873046875,1.9921875,1.203125,0.46484375,0.56640625,2.5625,-0.0028839111328125,0.9140625,0.94921875,-0.037353515625,0.26171875,3.0994415283203125e-05,0.005615234375,0.08544921875,0.72265625,0.054443359375,3.015625,0.38671875,0.00109100341796875,3.0625,0.0028839111328125,0.52734375,-7.0035457611083984e-06,1.2265625,0.95703125,0.016845703125,0.007415771484375,0.484375,0.0019073486328125,0.0093994140625,1.0546875,-0.0791015625,0.0137939453125,-1.1101365089416504e-06,1.359375,0.353515625,0.007293701171875,-0.94921875,3.15625,2.0742416381835938e-05,0.0294189453125,2.390625,0.578125,1.9296875,0.036376953125
./data/emilia_xyz/worker_3_EN_B00000_S00603_W000006.wav," And one of the reasons it's easy to do just 100% because it, it removes a factor that you have to calculate for. UGH, right in the neck. I'm not paying attention to the numbers, I'm trying to actually talk to you guys. But if you hit him, a few times... Boink! What? That went right through his body! Why didn't it hit him? What the hell was that?",20.085,EN_B00000_S00603,en,1.390625,2.140625,-0.004608154296875,0.306640625,1.7578125,-0.010986328125,-0.01385498046875,0.73828125,1.3203125,-0.0038299560546875,0.83984375,2.171875,1.40625,0.126953125,-0.060302734375,2.5,-0.0028839111328125,0.4296875,0.51953125,-0.023681640625,0.126953125,0.86328125,0.007568359375,0.0810546875,6.0558319091796875e-05,0.033447265625,2.4375,1.796875,0.00185394287109375,2.828125,0.000804901123046875,0.7265625,-1.4007091522216797e-05,0.0634765625,1.140625,0.4375,-0.01519775390625,-0.0001659393310546875,0.373046875,0.054931640625,-0.0308837890625,0.53515625,0.0184326171875,-5.9604644775390625e-06,1.375,0.8671875,0.00726318359375,-1.3828125,2.9375,2.0742416381835938e-05,0.0308837890625,2.5625,1.09375,1.375,0.0771484375
./data/emilia_xyz/worker_3_EN_B00000_S00133_W000008.wav," That's the problem. And I mean, that's why I think your, your advantage, sorry, your, your recommendation of try hack me is, it's the same thing with Cisco labs. You know, it's, if it's user created, it's, you know, it could be all over the place. And that, that gets me to this thing. Sorry to jump around, um, Daniel, but I've had this, had this question quite a few times. Um,",20.188,EN_B00000_S00133,en,2.140625,2.046875,-0.004058837890625,0.004302978515625,0.67578125,-0.00958251953125,-0.01513671875,1.390625,0.98828125,-0.00421142578125,0.08154296875,1.578125,1.140625,0.19921875,0.1806640625,2.59375,-0.031494140625,0.62890625,0.012451171875,-0.022705078125,-0.0011749267578125,0.0625,0.004425048828125,0.0400390625,0.80078125,0.044677734375,2.859375,-0.0006561279296875,0.64453125,3.453125,-0.00250244140625,0.6796875,-1.0311603546142578e-05,1.0390625,1.9311904907226562e-05,0.01190185546875,-0.0159912109375,-0.000881195068359375,0.6484375,0.984375,0.0050048828125,-0.0869140625,0.014404296875,-6.288290023803711e-06,0.92578125,0.7890625,0.007232666015625,-1.1171875,2.84375,2.0742416381835938e-05,0.004669189453125,2.421875,0.96875,2.078125,0.06396484375
./data/emilia_xyz/worker_3_EN_B00000_S00913_W000039.wav," So incredible. This game has it all. So thank you everybody so much for watching. You can find this game on Steam. Uh, I really have nothing else to say about it, so say words for me. Let me know what you think of the game in the comments below. And thank you again everybody for watching. And as always, I will see you in the next video. Buh-bye!",22.267,EN_B00000_S00913,en,0.75,1.3203125,0.80078125,0.002838134765625,-0.00183868408203125,1.28125,0.416015625,0.7421875,-0.0308837890625,1.0390625,-0.00445556640625,1.734375,1.3203125,0.59765625,0.07763671875,1.0234375,0.00408935546875,0.83984375,0.69140625,0.1591796875,-0.039306640625,1.03125,0.007171630859375,0.054931640625,0.890625,0.17578125,1.8984375,-0.000701904296875,1.6796875,2.171875,1.09375,-0.0859375,0.08154296875,0.016357421875,2.467632293701172e-05,0.0233154296875,1.453125,1.3203125,-0.003875732421875,2.1875,-0.8984375,0.02099609375,0.013427734375,1.6875,0.44921875,0.004638671875,1.1796875,-0.447265625,2.25,0.9921875,0.248046875,1.9921875,0.00118255615234375,6.020069122314453e-06,0.10888671875
./data/emilia_xyz/worker_3_EN_B00000_S00023_W000035.wav," That in itself screams Nicomachean Ethics, but Nicomachean Ethics is present all throughout the first dialogue. Uhm, and I promise you we'll see why. So, originally when I approached this work, this is kind of what I thought. I thought, oh yeaah, you know.",20.883,EN_B00000_S00023,en,1.78125,1.96875,-0.005401611328125,0.01416015625,0.005340576171875,0.7265625,0.045166015625,0.98828125,-0.00927734375,-0.0040283203125,-0.0081787109375,1.390625,1.0078125,0.419921875,0.1904296875,2.734375,-0.004425048828125,-0.023681640625,0.86328125,-0.0225830078125,0.11474609375,1.519918441772461e-05,0.00555419921875,0.047607421875,0.9609375,0.035888671875,3.0,1.4453125,1.21875,2.953125,-0.00010824203491210938,0.330078125,-9.298324584960938e-06,1.3125,0.64453125,0.01025390625,-0.0311279296875,0.44140625,-0.002838134765625,0.047119140625,0.9921875,0.0179443359375,0.00860595703125,1.1742115020751953e-05,1.1015625,0.006439208984375,0.007080078125,-0.474609375,3.15625,2.0742416381835938e-05,0.01043701171875,1.9453125,0.0006561279296875,1.78125,0.0517578125
./data/emilia_xyz/worker_3_EN_B00000_S01163_W000040.wav," We know what? A curse on you, xxgamingalchemyx. I can do a curse. I curse you. I curse you in falsetto. CURSE! That should do the trick. Take that. Don't mess with Barry. That's the bottom line. And on that note, you go not messin' with yourselves and",21.29,EN_B00000_S01163,en,1.75,2.203125,-0.000713348388671875,0.703125,1.0859375,-0.01202392578125,1.203125,0.0303955078125,1.96875,-0.0040283203125,1.390625,2.390625,0.90234375,0.049072265625,-0.4453125,2.765625,-0.0225830078125,1.015625,0.012451171875,-0.0238037109375,0.1669921875,1.03125,1.0859375,0.06787109375,5.793571472167969e-05,-0.00146484375,2.25,1.7890625,-0.000560760498046875,3.140625,0.11865234375,0.88671875,-1.0669231414794922e-05,0.00052642822265625,1.0546875,1.2109375,-0.00970458984375,-0.0020599365234375,1.5625,0.049560546875,-0.030029296875,1.03125,0.107421875,-9.775161743164062e-06,1.3125,0.75390625,0.00732421875,-1.7109375,2.734375,2.0742416381835938e-05,0.0172119140625,2.75,2.3125,1.421875,2.109375
./data/emilia_xyz/worker_3_EN_B00000_S00593_W000010.wav," Everything's fine! Oh geez, oh geez, oh geez. Oh geez. Okay. No instructions yet. Okay, everything is fine! Everything is hunky-dory! Look at everything gory over there. Everything is great. I love my job. I love my life. I love my job life. Life job. Please don't fire me. Okay. Uh-huh, uh-huh, uh-huh. Okay! Woo! Alright. That's looking a bit dangerous. We need to amp up production a little bit.",27.619,EN_B00000_S00593,en,1.03125,2.09375,-0.00482177734375,1.34375,1.21875,1.5703125,0.04931640625,0.04150390625,0.890625,-0.00164794921875,-0.0076904296875,2.703125,0.94921875,0.058349609375,0.6875,2.5,0.75390625,0.78515625,1.890625,-0.036376953125,1.0703125,2.956390380859375e-05,0.005859375,0.1240234375,0.87109375,0.0299072265625,2.28125,2.21875,0.006103515625,2.65625,0.001220703125,0.796875,0.3046875,2.265625,1.5078125,0.00238037109375,-0.03759765625,1.5,-0.00193023681640625,0.94921875,1.6796875,1.8984375,0.0177001953125,-7.748603820800781e-06,1.6953125,0.443359375,0.384765625,-1.1171875,3.09375,2.0742416381835938e-05,0.0341796875,2.578125,0.1533203125,0.5,0.08935546875
./data/emilia_xyz/worker_3_EN_B00000_S01213_W000003.wav," Oh, okay. Oh, that's so cool! It's so pretty, it reminds me of Mirror's Edge, but from a top down and not Mirror's Edge in any way. Wow. This car is way too slidey for its own good. I- I'm not the one that's doing this, am I? Am I not?",20.54,EN_B00000_S01213,en,0.87890625,1.28125,0.92578125,0.003265380859375,-0.003143310546875,0.90625,0.2294921875,0.5078125,-0.00927734375,-0.0006256103515625,-0.0125732421875,1.6796875,1.40625,0.49609375,0.12109375,0.486328125,0.01025390625,1.1015625,0.0123291015625,0.025390625,-0.038818359375,3.170967102050781e-05,0.0072021484375,0.08203125,0.76953125,0.052001953125,1.8671875,-0.00063323974609375,1.5078125,0.6875,1.734375,-0.12890625,-1.1086463928222656e-05,-0.000644683837890625,2.2292137145996094e-05,0.0201416015625,0.9609375,1.046875,-0.003814697265625,2.140625,-0.0072021484375,-0.022216796875,0.01165771484375,0.9375,0.671875,0.004791259765625,1.046875,-0.0062255859375,2.125,0.6015625,0.271484375,1.8359375,0.002044677734375,6.020069122314453e-06,0.0908203125
./data/emilia_xyz/worker_3_EN_B00000_S00023_W000392.wav," All three of, of these, these approaches to the word termino. Because I struggled with termino in looking at this. Like I, you know, I just could not. He's making, he's making all of these metaphorical connections. I'm like, obviously it's important, otherwise he wouldn't spend time doing this. But I'm not grokking what he's giving me.",20.798,EN_B00000_S00023,en,0.8671875,1.265625,0.7109375,0.00335693359375,-0.0031280517578125,1.1640625,0.287109375,0.055908203125,-0.01031494140625,-0.00164031982421875,-0.0098876953125,1.578125,1.1953125,0.47265625,0.07763671875,0.37890625,0.009521484375,1.0859375,0.0196533203125,-0.0274658203125,-0.052001953125,2.8848648071289062e-05,0.0072021484375,0.0849609375,0.7734375,0.35546875,1.796875,-0.000621795654296875,1.390625,0.546875,1.8828125,-0.080078125,-8.285045623779297e-06,-0.00034332275390625,0.006866455078125,0.01611328125,0.890625,1.328125,-0.0038909912109375,2.03125,-0.0228271484375,0.0859375,0.010009765625,0.7421875,0.45703125,0.00506591796875,1.0859375,-0.0062255859375,1.9375,0.328125,0.14453125,1.6953125,0.0001678466796875,6.020069122314453e-06,0.58203125
./data/emilia_xyz/worker_3_EN_B00000_S00023_W000423.wav," Uhm, the one by effect is from experience. The thing is, the demonstration by effect is usually what we consider an inductive demonstration, and those are very, very rarely 100% true. They are good suppositions and probabilities of what may happen. But uhm,",22.294,EN_B00000_S00023,en,2.0625,1.96875,-0.004180908203125,0.001068115234375,-0.003936767578125,-0.01556396484375,-0.034912109375,1.0546875,0.00811767578125,-0.004425048828125,-0.00946044921875,1.421875,0.83984375,0.5859375,0.353515625,2.5,-0.0220947265625,-0.015869140625,0.012451171875,-0.00921630859375,-0.01324462890625,2.396106719970703e-05,0.0098876953125,0.025390625,0.65234375,0.03271484375,3.140625,-0.00067901611328125,0.53125,3.203125,0.003326416015625,0.22265625,-7.3015689849853516e-06,0.6484375,2.467632293701172e-05,0.01446533203125,-0.034423828125,-0.0020904541015625,-0.003021240234375,0.0289306640625,0.004791259765625,-0.0546875,0.0220947265625,1.30385160446167e-06,0.6640625,0.006927490234375,0.007110595703125,0.55859375,2.96875,2.0742416381835938e-05,0.01068115234375,1.8984375,-8.106231689453125e-05,2.515625,0.05078125
./data/emilia_xyz/worker_3_EN_B00000_S00973_W000057.wav," Do no evil or whatever it is. Um, and then you've got sort of, um, uh, mainstream media, which from public sentiment point of view, get a, um, a bad rap or that like people don't necessarily, uh, you know, if you think of, uh, uh, news Corp and all that sort of stuff and Murdoch and like, you know, it gets a, um, bit of negativity around it yet.",20.796,EN_B00000_S00973,en,0.8359375,1.265625,1.0859375,0.002838134765625,-0.0030975341796875,1.46875,0.275390625,0.55859375,-0.0174560546875,0.004608154296875,-0.005523681640625,1.7734375,1.296875,0.48046875,0.12255859375,0.65234375,0.0177001953125,1.15625,0.39453125,-0.02392578125,-0.041015625,3.0994415283203125e-05,0.00732421875,0.064453125,0.796875,0.0966796875,1.9140625,-0.000621795654296875,1.6796875,0.765625,1.9296875,-0.10009765625,-7.927417755126953e-06,-0.000545501708984375,2.3126602172851562e-05,0.0185546875,1.1015625,1.2890625,-0.0038299560546875,2.28125,-0.0115966796875,-0.059814453125,0.0125732421875,1.03125,0.67578125,0.004730224609375,1.1328125,-0.017578125,2.234375,0.494140625,0.2001953125,1.8203125,-0.0004730224609375,6.020069122314453e-06,0.05419921875
./data/emilia_xyz/worker_3_EN_B00000_S00913_W000021.wav," Oh, yep. It's gravy soda. Great. Got the mixed beverage of deliciousness. I'm gonna go see what's in that weird complex over there. Oh. No public. Stay out. N.P. No problem. Come here! Ha ha ha ha. Ha ha. Ha ha. Chicken butt. Ha ha. Ha ha! Why was there just a chicken sitting around here? Oh well. Ate it up.",20.662,EN_B00000_S00913,en,1.328125,2.15625,-0.002166748046875,0.69140625,0.2236328125,0.43359375,0.421875,0.03271484375,0.04052734375,-0.0037994384765625,0.216796875,2.609375,0.97265625,0.1796875,0.9453125,2.484375,-0.01080322265625,0.87109375,1.46875,-0.0201416015625,0.61328125,-6.07222318649292e-07,0.01153564453125,0.052001953125,0.89453125,0.045166015625,2.546875,2.453125,0.00193023681640625,3.015625,-0.00045013427734375,0.93359375,-8.165836334228516e-06,1.546875,1.3046875,0.001983642578125,-0.0252685546875,1.0390625,0.134765625,0.625,1.9609375,0.98828125,0.0159912109375,1.8835067749023438e-05,2.328125,0.00518798828125,0.00732421875,-1.1171875,3.0,2.0742416381835938e-05,0.039794921875,2.578125,-0.000701904296875,6.020069122314453e-06,0.11669921875
./data/emilia_xyz/worker_3_EN_B00000_S00553_W000016.wav, And you just want to connect to it remotely. I'm not going to bother with that because I want to show you the initial boot up. So I'm going to say no to custom settings. We told that all existing data on the SD card will be erased. Are we sure that we want to continue? And the answer is yes. Okay. So now you can see that it's writing to the SD card. I'm going to speed up the video at this point because this is going to take a while to install for you. Go and get a coffee or something.,20.0,EN_B00000_S00553,en,2.046875,2.15625,-0.004669189453125,0.00225830078125,-0.0026397705078125,-0.01544189453125,0.193359375,0.2275390625,0.63671875,-0.00439453125,-0.00457763671875,2.328125,1.203125,0.49609375,0.44140625,2.59375,-0.01312255859375,0.53125,0.94140625,-0.031494140625,0.0120849609375,1.4901161193847656e-05,0.006378173828125,0.051513671875,0.8203125,0.033203125,3.53125,-0.00041961669921875,0.828125,3.046875,0.000720977783203125,0.62890625,-1.1444091796875e-05,1.9765625,2.09808349609375e-05,0.01806640625,-0.0172119140625,0.00180816650390625,-0.0004024505615234375,0.765625,1.2421875,-0.052001953125,0.016845703125,1.9371509552001953e-06,1.2734375,0.0040283203125,0.345703125,-1.0546875,3.109375,2.0742416381835938e-05,0.007537841796875,2.5625,0.20703125,2.0,0.0211181640625
./data/emilia_xyz/worker_3_EN_B00000_S00013_W000064.wav," It would be, but the chances are that happening in this case is actually pretty slim as well. And, you know, what is going to happen almost certainly next term, and some people will say these are not actually 230 cases, though I would argue they really are 230 cases, is that the Florida social media content moderation law and the Texas content moderation law, like those were both supposed to be heard by the Supreme Court this term and they sort of punted on it and asked the US government to weigh in, which was weird because it's unclear what the US government is going to do.",30.0,EN_B00000_S00013,en,1.6640625,1.9921875,-0.0015106201171875,0.4296875,1.2734375,0.00186920166015625,0.009033203125,1.375,1.4453125,0.220703125,0.375,2.15625,1.1484375,0.3828125,0.3671875,2.46875,-0.00171661376953125,0.94921875,0.01239013671875,-0.025634765625,0.00531005859375,1.5078125,0.00982666015625,0.11572265625,0.5859375,-0.001617431640625,2.84375,-0.00066375732421875,1.046875,3.296875,-0.0002040863037109375,0.84375,-4.291534423828125e-06,1.15625,2.396106719970703e-05,0.609375,0.00811767578125,-0.0027008056640625,1.0703125,0.05029296875,-0.51953125,-0.083984375,0.01422119140625,0.31640625,1.0390625,0.890625,0.007293701171875,-0.98046875,2.765625,0.259765625,-0.0198974609375,2.3125,1.0390625,2.296875,0.56640625
./data/emilia_xyz/worker_3_EN_B00000_S00703_W000048.wav," They look, they look pretty awesome just on their own, but as an added bonus, you can cash them in for awesome Jetpack Joyride goodies. So if you are in the US or Canada, get to your nearest store, get your Arby's game on, kids meal. There's probably an Arby's near you, right? There's, pretty sure there's a fair few of them. There's, what? How, how many? Three? Three thousand?",25.374,EN_B00000_S00703,en,1.640625,2.109375,-0.00098419189453125,0.671875,0.2236328125,0.98046875,-0.00180816650390625,0.041015625,1.328125,-0.00433349609375,1.375,2.078125,0.98046875,0.18359375,-0.0224609375,2.703125,-0.0145263671875,0.74609375,1.375,-0.02734375,-0.000148773193359375,3.24249267578125e-05,0.64453125,0.1259765625,0.8359375,0.02880859375,2.234375,1.359375,0.1572265625,3.296875,0.003997802734375,0.640625,0.0012359619140625,1.0234375,1.046875,1.21875,-0.00144195556640625,0.625,1.234375,0.052734375,0.97265625,-0.00946044921875,0.0137939453125,-9.715557098388672e-06,0.9921875,0.0069580078125,0.62109375,-1.421875,2.828125,2.0742416381835938e-05,0.0184326171875,2.390625,1.1015625,1.078125,1.3125
./data/emilia_xyz/worker_3_EN_B00000_S01373_W000004.wav," For the sake of new players, I will assume you know nothing of the games, as well as their storylines. Narratively speaking, you can really see the inspiration this game had on Triangle Strategy. In some ways, it pioneered the branching storylines we saw there. Here, players will make choices during the game, which will go on to affect its overall plot. And the main narrative is certainly reflected in Triangle Strategy. Three warring factions, who are all vying for power,",23.292,EN_B00000_S01373,en,2.5625,2.1875,-0.00921630859375,0.0052490234375,-0.004486083984375,0.1748046875,-0.0179443359375,0.9375,-0.01953125,-0.0047607421875,-0.013427734375,1.9765625,1.0234375,0.50390625,0.220703125,2.609375,-0.013916015625,0.482421875,0.28515625,-0.0213623046875,-0.001495361328125,2.4557113647460938e-05,0.0034637451171875,0.0947265625,0.47265625,0.039794921875,3.375,-0.000629425048828125,0.4375,3.140625,0.609375,0.53125,-9.655952453613281e-06,1.28125,2.5391578674316406e-05,0.0115966796875,-0.03173828125,0.000308990478515625,0.1279296875,0.0615234375,1.1640625,-0.03515625,0.0150146484375,-7.331371307373047e-06,0.9453125,0.00830078125,0.00726318359375,-0.8125,2.859375,2.0742416381835938e-05,0.005859375,2.21875,-0.00189208984375,2.140625,0.076171875
./data/emilia_xyz/worker_3_EN_B00000_S01373_W000016.wav," Objectives are made very clear as well as what will constitute defeat, but optional tougher bonus objectives will net you further reward if you're really after perfection. Turn order is shown at the bottom of the screen, but I was hoping they would do more visually to show you exactly which of the players are foe and which are friend. It's worth mentioning that this issue can be entirely resolved by enabling HP bars. It's not an ideal solution as you can see because it makes it almost feel cluttered.",26.012,EN_B00000_S01373,en,2.53125,1.921875,-0.003509521484375,0.002655029296875,0.51171875,-0.024169921875,-0.00958251953125,0.796875,0.236328125,-0.004364013671875,-0.00775146484375,1.7578125,1.2109375,0.5078125,0.57421875,2.625,-0.003662109375,0.640625,0.453125,-0.01239013671875,0.01104736328125,1.9073486328125e-05,0.009765625,0.0927734375,0.79296875,0.7421875,3.59375,-0.000614166259765625,0.35546875,3.3125,0.033447265625,0.703125,-8.52346420288086e-06,1.1875,0.0478515625,0.009521484375,-0.0208740234375,-0.0019378662109375,-0.0025787353515625,0.5625,0.04541015625,-0.043212890625,0.005157470703125,-1.2442469596862793e-06,1.0078125,0.71875,0.00726318359375,-1.109375,3.0625,2.0742416381835938e-05,-0.000274658203125,2.046875,-8.106231689453125e-05,1.984375,0.07373046875
./data/emilia_xyz/worker_3_EN_B00000_S01213_W000001.wav," Becoming a drifting master will require patience and determination. Next time we see each other, you will be a drifting master. Now go forth and hit walls! I mean drift. Also drink sake! Okay, kay, bye. Have a good one. I'm gonna be here. Do I go?",20.917,EN_B00000_S01213,en,0.8125,1.296875,1.0234375,0.003326416015625,-0.00244140625,0.796875,0.251953125,0.2353515625,-0.013916015625,0.0008392333984375,-0.01434326171875,1.7265625,1.25,0.490234375,0.0966796875,0.333984375,0.016845703125,1.0859375,0.01239013671875,0.06787109375,-0.0419921875,3.0994415283203125e-05,0.007354736328125,0.0888671875,0.8125,0.0634765625,1.828125,-0.00061798095703125,1.2734375,0.67578125,1.625,-0.06298828125,-8.52346420288086e-06,-0.0005035400390625,0.0004253387451171875,0.0174560546875,0.859375,1.28125,-0.003875732421875,1.9140625,0.0038604736328125,0.07958984375,0.01165771484375,0.7890625,0.6171875,0.005706787109375,1.1640625,-0.072265625,1.921875,0.49609375,0.388671875,1.7734375,0.0029296875,6.020069122314453e-06,0.8125
./data/emilia_xyz/worker_3_EN_B00000_S00023_W000406.wav," We start talking about movement, and I feel like we're all pretty safe in the idea of natural, violent, offline, aligning, accidental, and backwards. I think we can gloss over this a tiny bit, although you can see where I transcribed something wrong. It's those long S's. Man, they drive me nuts.",21.749,EN_B00000_S00023,en,0.859375,1.3046875,0.67578125,0.00384521484375,-0.0030975341796875,0.94921875,0.251953125,0.5703125,-0.0067138671875,-0.0011444091796875,-0.00732421875,1.6171875,1.359375,0.515625,0.126953125,0.466796875,0.0120849609375,1.0390625,0.0159912109375,-0.0086669921875,-0.039794921875,2.6941299438476562e-05,0.007568359375,0.07421875,0.83984375,0.263671875,1.8125,-0.0006256103515625,1.4140625,0.63671875,1.953125,-0.1357421875,-7.212162017822266e-06,-0.00051116943359375,0.00311279296875,0.01611328125,0.890625,1.25,-0.00384521484375,2.21875,-0.00970458984375,-0.0185546875,0.00726318359375,0.73046875,0.67578125,0.00518798828125,1.234375,-0.0062255859375,2.109375,0.53125,0.09814453125,1.828125,-9.441375732421875e-05,6.020069122314453e-06,0.06201171875
./data/emilia_xyz/worker_3_EN_B00000_S00903_W000024.wav," Asking me to answer his question. I like that. Uh, so that, just a good chance to remind everyone that all those awesome Jetpack Joyride themes are up there on the Halfbrick channel right now. For you guys to groove along to. Uh, if I was gonna choose a favourite there, uh, me plays Resident Evil, I would probably just say the main theme. Hey, that's a good one. Probably like it cause it's the one I hear the most. Cause I don't, I don't usually get that far in the game, if I'm being honest.",28.082,EN_B00000_S00903,en,0.97265625,1.3203125,0.66015625,0.003204345703125,-0.003326416015625,1.203125,0.24609375,0.02978515625,-0.00872802734375,0.005828857421875,-0.01019287109375,1.671875,1.2578125,0.474609375,0.0751953125,0.318359375,0.012451171875,1.109375,0.0123291015625,-0.0279541015625,-0.046630859375,2.968311309814453e-05,0.0072021484375,0.08740234375,0.7890625,0.421875,1.8515625,-0.00064849853515625,1.5625,0.65234375,1.921875,-0.1259765625,-9.179115295410156e-06,-0.00060272216796875,0.017578125,0.0159912109375,0.87890625,1.234375,-0.003875732421875,2.171875,0.0027008056640625,0.0194091796875,0.009765625,0.7109375,0.5625,0.00506591796875,1.046875,-0.0062255859375,2.03125,0.443359375,0.126953125,1.7890625,0.0003452301025390625,6.020069122314453e-06,0.486328125
./data/emilia_xyz/worker_3_EN_B00000_S01593_W000004.wav," How many of the startups you speak to that are getting trademarks are doing it for external external reasons that are outside of actually protecting. So an example is I've seen businesses have success in getting their Instagram verified or things like that using documentation saying that they're, you know, they've got the trademark. Like why are people getting trademarks?",21.73,EN_B00000_S01593,en,0.9296875,1.296875,0.8203125,0.003448486328125,-0.0025177001953125,0.6640625,0.2138671875,0.34765625,-0.003631591796875,-0.0036468505859375,-0.01068115234375,1.640625,1.2734375,0.5234375,0.0311279296875,0.7265625,0.0079345703125,1.1171875,0.01226806640625,-0.033935546875,-0.042724609375,2.765655517578125e-05,0.00726318359375,0.0751953125,0.8046875,0.5,1.7421875,-0.00063323974609375,1.2109375,0.53125,1.8203125,-0.138671875,-8.52346420288086e-06,0.00023746490478515625,2.2530555725097656e-05,0.015869140625,0.63671875,1.2421875,-0.003875732421875,1.9140625,0.004852294921875,0.050537109375,0.0091552734375,0.609375,0.392578125,0.0052490234375,1.0390625,-0.0062255859375,1.953125,0.55859375,0.12060546875,1.765625,0.0019683837890625,6.020069122314453e-06,0.119140625
./data/emilia_xyz/worker_3_EN_B00000_S01363_W000008.wav," I don't know if you say you can ask me anything that you can be surprised that someone says, Hey, this is what I want to know. But I mean, he's extraordinary because you look at him and you think, and you think about all these states with these bathroom laws. Now, do you want him walking into a woman's bathroom? I don't think so. No.",20.204,EN_B00000_S01363,en,1.5,1.96875,-0.0037384033203125,0.890625,1.09375,-0.015869140625,-0.0101318359375,1.421875,0.8125,-0.004302978515625,0.53515625,1.75,0.984375,0.71484375,0.283203125,2.375,-0.036376953125,0.00604248046875,0.7265625,-0.0286865234375,0.07861328125,2.9325485229492188e-05,0.0050048828125,0.060546875,0.68359375,0.00830078125,2.640625,0.73046875,0.70703125,3.40625,-0.000843048095703125,0.8828125,-6.9141387939453125e-06,1.2109375,0.53125,0.3984375,0.0279541015625,0.498046875,0.58984375,0.048828125,1.203125,-0.0216064453125,0.0164794921875,-5.930662155151367e-06,1.2109375,0.59765625,1.0390625,1.4765625,2.921875,2.0742416381835938e-05,0.0169677734375,2.90625,0.482421875,1.4609375,0.049072265625
./data/emilia_xyz/worker_3_EN_B00000_S00483_W000052.wav," U is uppercase characters, S as an example is special characters and then A is lowercase, uppercase, digits and special characters. So you could use that when cracking passwords because you don't necessarily just want to use digits. Okay, so I'll let this computer continue trying to crack the 10 digit password. Let's try and crack",21.532,EN_B00000_S00483,en,0.94140625,1.359375,0.93359375,0.0030517578125,-0.0026092529296875,1.140625,0.259765625,0.63671875,-0.00933837890625,-0.00130462646484375,-0.005859375,1.6796875,1.3515625,0.5390625,0.1328125,0.58203125,0.0118408203125,1.0703125,0.56640625,0.1259765625,-0.03662109375,2.8133392333984375e-05,0.00787353515625,0.0732421875,0.9609375,0.43359375,1.9609375,-0.00060272216796875,1.609375,0.703125,2.140625,-0.08349609375,-8.106231689453125e-06,0.0003299713134765625,0.18359375,0.018798828125,1.171875,1.40625,-0.0038909912109375,2.265625,-0.052734375,0.06982421875,0.00665283203125,1.078125,0.6796875,0.0047607421875,1.2578125,-0.1337890625,2.171875,0.054443359375,0.047119140625,1.90625,-0.0003757476806640625,6.020069122314453e-06,0.1181640625
./data/emilia_xyz/worker_3_EN_B00000_S00483_W000064.wav," Lowercase, uppercase, and lowercase digits. So I was just fortunate enough to be able to crack that password so quickly. Again, it took a short amount of time. And let's just do that again to make the point. When you've cracked a file, they are displayed as pot files. So if I open that up with Sublime Text, what you'll notice is there's the password that we've cracked. So I'll delete that pot file.",23.751,EN_B00000_S00483,en,2.15625,2.265625,-0.0030517578125,0.0037384033203125,-0.002716064453125,0.52734375,-0.0120849609375,1.078125,1.265625,-0.004119873046875,0.057373046875,1.703125,0.9375,0.53515625,0.09912109375,2.546875,-0.0230712890625,0.72265625,0.01251220703125,-0.0128173828125,-0.038330078125,4.291534423828125e-05,0.0037078857421875,0.09423828125,0.765625,0.6484375,2.84375,-0.0006866455078125,0.90625,3.03125,0.1416015625,0.625,-8.046627044677734e-06,1.1171875,2.1696090698242188e-05,0.00921630859375,-0.001495361328125,-0.00225830078125,0.0927734375,0.058837890625,0.0023651123046875,-0.05517578125,0.0157470703125,-1.055002212524414e-05,0.890625,0.00469970703125,0.00732421875,-1.0234375,2.953125,2.0742416381835938e-05,0.0045166015625,2.09375,0.72265625,2.5,0.51953125
./data/emilia_xyz/worker_3_EN_B00000_S00843_W000008.wav," Okay, now that I've honed in my skill. Shiiiit. Okay, that'll work. Don't know how I did that one, but I did it. And I'm happy. Shiiiit. Okay. Shiiiit. OH SHIT SHIT SHIT SHIT SHIT SHIT SHIT. How did I do that? I didn't- not like that. Oh shit. Oh hey, if I just ride in the front I'll be fine. Heh. If I just ride here I'll be totally okay, right?",27.929,EN_B00000_S00843,en,1.078125,2.15625,0.01373291015625,0.9296875,2.109375,0.390625,0.04638671875,0.03515625,2.046875,0.796875,1.125,2.375,0.8828125,0.10498046875,-0.267578125,1.2421875,0.12255859375,0.6015625,0.01556396484375,-0.0157470703125,0.87109375,1.4296875,0.9609375,0.1689453125,5.221366882324219e-05,0.0458984375,1.84375,1.09375,1.0625,3.015625,-0.000911712646484375,0.82421875,-5.245208740234375e-06,0.004150390625,1.015625,0.68359375,-0.029296875,-0.005615234375,-0.00185394287109375,0.052490234375,-1.3515625,1.046875,1.140625,0.40234375,1.375,0.80859375,0.007354736328125,-1.234375,2.875,1.2578125,0.042236328125,2.171875,1.2265625,0.60546875,0.7578125
